data;dia_semana;horario;formato;funil;tipo_conteudo_id;tipo_conteudo;avatar_id;avatar;tema;cta;keyword_manychat;hashtags
2026-03-20;Sexta;07:00;REEL;MEIO;4;Perguntas de Seguidores;viajante;Viajante;Seguidor pergunta: como falar 'namorar' em espanhol?;Manda sua duvida nos comentarios | Comenta ERROS;ERROS;#espanholparabrasileiros #aprendaespanhol #espanholreal #espanholparaviagem #viajarsozinho #espanholbasico #aleresponde #duvida #perguntadeseguidor
2026-03-20;Sexta;09:30;CARROSSEL;MEIO;7;Dor e Identificacao;vai_morar_fora;Vai Morar Fora;Voce vai se mudar e tem medo de nao se adaptar?;Comenta SIM se voce se identifica | Comenta TRAVA;TRAVA;#aprenderespanhol #espanholreal #aprendaespanhol #brasileironoexterior #vidanoexterior #brasileirosnaargentina #identificacao #voceseidentifica #travanoespanhol
2026-03-20;Sexta;12:00;REEL;FUNDO;10;Prova Social;academico;Academico;Aluna passou no DELE B2 com 3 meses de Imersao Nativa;Comenta QUERO se voce quer o mesmo resultado | Comenta AULA;AULA;#aprendaespanhol #espanholcomvoce #espanhol #celu #dele #siele #alunoreal #resultado #depoimento
2026-03-20;Sexta;15:00;CARROSSEL;MEIO;4;Perguntas de Seguidores;profissional;Profissional;Seguidor pergunta: como comecar email formal em espanhol?;Manda sua duvida nos comentarios | Comenta ERROS;ERROS;#aprendaespanhol #espanholreal #espanholparabrasileiros #espanholprofissional #negociosinternacionais #espanholcorporativo #perguntadeseguidor #aleresponde #duvida
2026-03-20;Sexta;18:30;REEL;FUNDO;6;Metodo e Bastidor;viajante;Viajante;Por que voce trava ao falar espanhol — a explicacao cientifica;Comenta METODO para saber mais | Comenta METODO;METODO;#espanholcomvoce #aprenderespanhol #aprendaespanhol #viagemparaaamericadosul #espanholparaviagem #espanholnoexterior #imersaonativa #comoaprender #metodo
2026-03-20;Sexta;20:00;CARROSSEL;TOPO;2;Palavras do Cotidiano;vai_morar_fora;Vai Morar Fora;Como falar 'aluguel' em espanhol;Comenta qual palavra voce queria saber | Comenta VIAGEM;VIAGEM;#espanholreal #espanholcomvoce #aprenderespanhol #imigracao #vidanoexterior #brasileironoexterior #palavradodia #vocabulario #espanholdodia
2026-03-21;Sabado;07:00;REEL;MEIO;4;Perguntas de Seguidores;academico;Academico;Seguidor pergunta: SER vs ESTAR — regra definitiva?;Manda sua duvida nos comentarios | Comenta ERROS;ERROS;#espanholonline #aprenderespanhol #aprendaespanhol #celu #espanholparaenem #espanholparaconcurso #perguntadeseguidor #duvida #aleresponde
2026-03-21;Sabado;09:30;CARROSSEL;FUNDO;6;Metodo e Bastidor;profissional;Profissional;Por que metodo generico nao resolve espanhol corporativo;Comenta METODO para saber mais | Comenta METODO;METODO;#espanholparabrasileiros #espanholonline #espanhol #negociosinternacionais #espanholcorporativo #carreirainternacional #metodo #imersaonativa #comoaprender
2026-03-21;Sabado;12:00;REEL;TOPO;5;Cultura e Diferencas;viajante;Viajante;Argentina vs Espanha: como cada um fala 'voce';Comenta seu pais favorito | Comenta VIAGEM;VIAGEM;#espanholonline #espanholcomvoce #espanholreal #espanholbasico #espanholnoexterior #mochilao #diferencas #culturaespanhola #curiosidades
2026-03-21;Sabado;15:00;CARROSSEL;TOPO;5;Cultura e Diferencas;vai_morar_fora;Vai Morar Fora;Choque cultural: o que ninguem conta sobre morar na Espanha;Comenta seu pais favorito | Comenta VIAGEM;VIAGEM;#espanholreal #espanholparabrasileiros #aprenderespanhol #brasileirosnaargentina #brasileironoexterior #imigracao #curiosidades #diferencas #culturaespanhola
2026-03-21;Sabado;18:30;REEL;TOPO;3;Erros e Falsos Amigos;academico;Academico;TODAVIA em espanhol nao e todavia — e ainda/contudo!;Comenta se voce ja falou isso | Comenta FALSOS;FALSOS;#espanholcomvoce #aprenderespanhol #espanhol #celu #proficienciaemespanhol #estudarnoexterior #cuidado #erroscomuns #falsoscognatos
2026-03-21;Sabado;20:00;CARROSSEL;MEIO;9;Quebra de Crencas;profissional;Profissional;Espanhol basico NAO e suficiente para negocios;Comenta se voce acreditava nisso | Comenta METODO;METODO;#espanholcomvoce #aprendaespanhol #espanholreal #negociosinternacionais #espanholparatrabalho #espanholcorporativo #quebradecrencas #verdade #mentiradoespanhol
2026-03-22;Domingo;07:00;REEL;MEIO;9;Quebra de Crencas;viajante;Viajante;Portunhol NAO e espanhol — e por isso que voce trava;Comenta se voce acreditava nisso | Comenta METODO;METODO;#espanholparabrasileiros #espanholonline #espanholcomvoce #espanholbasico #mochilao #viajarsozinho #verdade #mentiradoespanhol #quebradecrencas
2026-03-22;Domingo;09:30;CARROSSEL;TOPO;2;Palavras do Cotidiano;vai_morar_fora;Vai Morar Fora;Como falar 'conta de luz' em espanhol;Comenta qual palavra voce queria saber | Comenta VIAGEM;VIAGEM;#espanholonline #espanholcomvoce #espanholparabrasileiros #brasileirosnaespanha #morarfora #vidanoexterior #espanholdodia #palavradodia #vocabulario
2026-03-22;Domingo;12:00;REEL;TOPO;1;Expressoes Idiomaticas;academico;Academico;Como falar 'colar na prova' em espanhol;Salva esse video / Manda pra quem precisa | Comenta ERROS;ERROS;#aprendaespanhol #aprenderespanhol #espanholreal #dele #espanholparaconcurso #estudarnoexterior #expressoes #comofalarem #espanholnativo
2026-03-22;Domingo;15:00;CARROSSEL;FUNDO;6;Metodo e Bastidor;profissional;Profissional;Como nosso metodo adapta o aprendizado para seu contexto;Comenta METODO para saber mais | Comenta METODO;METODO;#aprenderespanhol #espanholreal #espanholonline #negociosinternacionais #espanholcorporativo #carreirainternacional #metodo #imersaonativa #comoaprender
2026-03-22;Domingo;18:30;REEL;MEIO;8;Desejo e Transformacao;viajante;Viajante;Imagina chegar na viagem e conversar com naturalidade...;Comenta QUERO se esse e seu sonho | Comenta AULA;AULA;#espanholparabrasileiros #espanhol #espanholcomvoce #espanholparaviagem #mochilao #viagemparaaamericadosul #destrave #faleespanhol #transformacao
2026-03-22;Domingo;20:00;CARROSSEL;FUNDO;10;Prova Social;vai_morar_fora;Vai Morar Fora;Aluna conseguiu emprego na Espanha em 6 meses de curso;Comenta QUERO se voce quer o mesmo resultado | Comenta AULA;AULA;#espanholparabrasileiros #espanholcomvoce #espanhol #imigracao #brasileirosnaespanha #brasileironoexterior #alunoreal #depoimento #resultado
2026-03-23;Segunda;07:00;REEL;MEIO;9;Quebra de Crencas;academico;Academico;Estudar gramatica nao vai te fazer falar espanhol;Comenta se voce acreditava nisso | Comenta METODO;METODO;#espanholreal #espanhol #aprendaespanhol #espanholparaconcurso #estudarnoexterior #espanholparaenem #verdade #mentiradoespanhol #quebradecrencas
2026-03-23;Segunda;09:30;CARROSSEL;TOPO;2;Palavras do Cotidiano;profissional;Profissional;Como falar 'reuniao' em espanhol;Comenta qual palavra voce queria saber | Comenta ERROS;ERROS;#espanholparabrasileiros #espanholonline #espanhol #espanholprofissional #carreirainternacional #espanholparatrabalho #espanholdodia #vocabulario #palavradodia
2026-03-23;Segunda;12:00;REEL;MEIO;4;Perguntas de Seguidores;viajante;Viajante;Seguidor pergunta: como pronunciar o S em espanhol?;Manda sua duvida nos comentarios | Comenta PRONUNCIA;PRONUNCIA;#espanholcomvoce #espanholonline #espanholreal #espanholparaviagem #espanholbasico #mochilao #duvida #perguntadeseguidor #aleresponde
2026-03-23;Segunda;15:00;CARROSSEL;FUNDO;11;CTA Indireto;vai_morar_fora;Vai Morar Fora;Se voce vai se mudar e quer chegar preparado, eu te ajudo;Comenta AULA | Comenta AULA;AULA;#espanholparabrasileiros #aprenderespanhol #espanholonline #morarfora #vidanoexterior #brasileironoexterior #aulademonstrativa #comece #linknabioo
2026-03-23;Segunda;18:30;REEL;TOPO;1;Expressoes Idiomaticas;academico;Academico;Como falar 'ralar muito' em espanhol;Salva esse video / Manda pra quem precisa | Comenta ERROS;ERROS;#espanhol #espanholparabrasileiros #aprenderespanhol #espanholparaconcurso #espanholparaenem #celu #comofalarem #espanholnativo #expressoes
2026-03-23;Segunda;20:00;CARROSSEL;TOPO;3;Erros e Falsos Amigos;profissional;Profissional;NEGOCIO tem plural diferente em espanhol!;Comenta se voce ja falou isso | Comenta FALSOS;FALSOS;#aprendaespanhol #espanholparabrasileiros #aprenderespanhol #espanholparatrabalho #espanholprofissional #carreirainternacional #cuidado #falsoscognatos #erroscomuns
2026-03-24;Terca;07:00;REEL;MEIO;4;Perguntas de Seguidores;viajante;Viajante;Seguidor pergunta: qual diferenca entre buen e bueno?;Manda sua duvida nos comentarios | Comenta ERROS;ERROS;#espanhol #espanholreal #aprenderespanhol #espanholbasico #espanholnoexterior #espanholparaviagem #duvida #aleresponde #perguntadeseguidor
2026-03-24;Terca;09:30;CARROSSEL;TOPO;3;Erros e Falsos Amigos;vai_morar_fora;Vai Morar Fora;PISO em espanhol e apartamento, nao chao!;Comenta se voce ja falou isso | Comenta FALSOS;FALSOS;#espanholparabrasileiros #aprendaespanhol #aprenderespanhol #vidanoexterior #morarfora #brasileirosnaargentina #falsoscognatos #cuidado #erroscomuns
2026-03-24;Terca;12:00;REEL;MEIO;4;Perguntas de Seguidores;academico;Academico;Seguidor pergunta: quando usar subjuntivo?;Manda sua duvida nos comentarios | Comenta ERROS;ERROS;#espanholonline #espanhol #aprenderespanhol #espanholparaconcurso #dele #espanholparaenem #duvida #aleresponde #perguntadeseguidor
2026-03-24;Terca;15:00;CARROSSEL;TOPO;3;Erros e Falsos Amigos;profissional;Profissional;SALARIO vs SUELDO — qual usar no trabalho?;Comenta se voce ja falou isso | Comenta FALSOS;FALSOS;#espanholcomvoce #espanholonline #espanholreal #carreirainternacional #espanholparanegocio #negociosinternacionais #cuidado #falsoscognatos #erroscomuns
2026-03-24;Terca;18:30;REEL;FUNDO;11;CTA Indireto;viajante;Viajante;Se voce quer destravar seu espanhol antes da viagem, eu te mostro como;Comenta AULA | Comenta AULA;AULA;#espanholreal #espanhol #aprenderespanhol #espanholbasico #viagemparaaamericadosul #viajarsozinho #aulademonstrativa #comece #linknabioo
2026-03-24;Terca;20:00;CARROSSEL;MEIO;7;Dor e Identificacao;vai_morar_fora;Vai Morar Fora;Voce mora fora mas ainda depende de outros pra resolver coisas?;Comenta SIM se voce se identifica | Comenta TRAVA;TRAVA;#espanholcomvoce #aprenderespanhol #espanholonline #imigracao #morarfora #brasileirosnaespanha #travanoespanhol #voceseidentifica #identificacao
2026-03-25;Quarta;07:00;REEL;TOPO;2;Palavras do Cotidiano;academico;Academico;Como falar 'bolsa de estudos' em espanhol;Comenta qual palavra voce queria saber | Comenta ERROS;ERROS;#espanholonline #espanholcomvoce #aprenderespanhol #espanholparaconcurso #estudarnoexterior #celu #vocabulario #espanholdodia #palavradodia
2026-03-25;Quarta;09:30;CARROSSEL;MEIO;4;Perguntas de Seguidores;profissional;Profissional;Seguidor pergunta: como dar feedback em espanhol?;Manda sua duvida nos comentarios | Comenta ERROS;ERROS;#espanholreal #aprenderespanhol #espanholparabrasileiros #negociosinternacionais #carreirainternacional #espanholparanegocio #aleresponde #perguntadeseguidor #duvida
2026-03-25;Quarta;12:00;REEL;TOPO;5;Cultura e Diferencas;viajante;Viajante;Por que na Espanha jantam as 22h?;Comenta seu pais favorito | Comenta VIAGEM;VIAGEM;#espanholparabrasileiros #aprendaespanhol #espanholonline #mochilao #viajarsozinho #espanholparaviagem #culturaespanhola #diferencas #curiosidades
2026-03-25;Quarta;15:00;CARROSSEL;FUNDO;6;Metodo e Bastidor;vai_morar_fora;Vai Morar Fora;Como nosso metodo prepara voce para o dia a dia real;Comenta METODO para saber mais | Comenta METODO;METODO;#espanholparabrasileiros #espanholreal #espanholcomvoce #morarfora #imigracao #brasileironoexterior #metodo #comoaprender #imersaonativa
2026-03-25;Quarta;18:30;REEL;TOPO;1;Expressoes Idiomaticas;academico;Academico;Como falar 'ficar por fora' em espanhol;Salva esse video / Manda pra quem precisa | Comenta ERROS;ERROS;#espanholcomvoce #aprenderespanhol #aprendaespanhol #estudarnoexterior #proficienciaemespanhol #espanholparaenem #espanholnativo #expressoes #comofalarem
2026-03-25;Quarta;20:00;CARROSSEL;FUNDO;6;Metodo e Bastidor;profissional;Profissional;Nucleo del Conocimiento: o vocabulario certo para sua area;Comenta METODO para saber mais | Comenta METODO;METODO;#espanhol #aprendaespanhol #espanholreal #espanholparanegocio #negociosinternacionais #espanholcorporativo #imersaonativa #comoaprender #metodo
2026-03-26;Quinta;07:00;REEL;FUNDO;10;Prova Social;viajante;Viajante;Ela travava... hoje conversa com nativos na viagem;Comenta QUERO se voce quer o mesmo resultado | Comenta AULA;AULA;#espanholonline #espanhol #espanholparabrasileiros #viajarsozinho #viagemparaaamericadosul #mochilao #resultado #alunoreal #depoimento
2026-03-26;Quinta;09:30;CARROSSEL;MEIO;7;Dor e Identificacao;vai_morar_fora;Vai Morar Fora;Voce se sente menos capaz so por causa do idioma?;Comenta SIM se voce se identifica | Comenta TRAVA;TRAVA;#espanholcomvoce #espanhol #espanholonline #brasileirosnaargentina #imigracao #morarfora #identificacao #voceseidentifica #travanoespanhol
2026-03-26;Quinta;12:00;REEL;MEIO;8;Desejo e Transformacao;academico;Academico;Imagina passar na prova com confianca total...;Comenta QUERO se esse e seu sonho | Comenta AULA;AULA;#espanholparabrasileiros #espanholcomvoce #aprenderespanhol #celu #siele #espanholparaconcurso #faleespanhol #transformacao #destrave
2026-03-26;Quinta;15:00;CARROSSEL;TOPO;3;Erros e Falsos Amigos;profissional;Profissional;DESPEDIR pode ser demitir OU se despedir!;Comenta se voce ja falou isso | Comenta FALSOS;FALSOS;#espanholparabrasileiros #aprenderespanhol #espanhol #espanholparanegocio #espanholprofissional #espanholparatrabalho #cuidado #falsoscognatos #erroscomuns
2026-03-26;Quinta;18:30;REEL;FUNDO;11;CTA Indireto;viajante;Viajante;Comenta AULA que eu te envio o link da aula gratuita;Comenta AULA | Comenta AULA;AULA;#espanhol #espanholcomvoce #aprenderespanhol #espanholbasico #viagemparaaamericadosul #mochilao #comece #aulademonstrativa #linknabioo
2026-03-26;Quinta;20:00;CARROSSEL;MEIO;4;Perguntas de Seguidores;vai_morar_fora;Vai Morar Fora;Seguidor pergunta: como marcar consulta medica em espanhol?;Manda sua duvida nos comentarios | Comenta METODO;METODO;#espanholparabrasileiros #aprenderespanhol #aprendaespanhol #vidanoexterior #brasileirosnaargentina #brasileironoexterior #aleresponde #perguntadeseguidor #duvida
2026-03-27;Sexta;07:00;REEL;TOPO;2;Palavras do Cotidiano;academico;Academico;Como falar 'nota' (da escola) em espanhol;Comenta qual palavra voce queria saber | Comenta ERROS;ERROS;#espanholparabrasileiros #espanholcomvoce #aprenderespanhol #celu #siele #dele #palavradodia #espanholdodia #vocabulario
2026-03-27;Sexta;09:30;CARROSSEL;FUNDO;10;Prova Social;profissional;Profissional;Aluno foi promovido depois de destravar o espanhol;Comenta QUERO se voce quer o mesmo resultado | Comenta AULA;AULA;#aprenderespanhol #espanholcomvoce #espanholreal #carreirainternacional #espanholparatrabalho #espanholparanegocio #alunoreal #resultado #depoimento
2026-03-27;Sexta;12:00;REEL;MEIO;7;Dor e Identificacao;viajante;Viajante;Voce entende espanhol mas trava na hora de falar?;Comenta SIM se voce se identifica | Comenta TRAVA;TRAVA;#espanhol #aprendaespanhol #espanholonline #viajarsozinho #espanholbasico #espanholparaviagem #voceseidentifica #travanoespanhol #identificacao
2026-03-27;Sexta;15:00;CARROSSEL;FUNDO;10;Prova Social;vai_morar_fora;Vai Morar Fora;Brasileiro que passou na entrevista de cidadania em espanhol;Comenta QUERO se voce quer o mesmo resultado | Comenta AULA;AULA;#espanhol #espanholonline #espanholreal #brasileironoexterior #morarfora #vidanoexterior #depoimento #resultado #alunoreal
2026-03-27;Sexta;18:30;REEL;MEIO;4;Perguntas de Seguidores;academico;Academico;Seguidor pergunta: POR vs PARA — como nao errar?;Manda sua duvida nos comentarios | Comenta ERROS;ERROS;#aprenderespanhol #espanhol #espanholonline #dele #siele #proficienciaemespanhol #perguntadeseguidor #aleresponde #duvida
2026-03-27;Sexta;20:00;CARROSSEL;MEIO;7;Dor e Identificacao;profissional;Profissional;Voce e competente na sua area mas trava em espanhol?;Comenta SIM se voce se identifica | Comenta TRAVA;TRAVA;#espanhol #aprenderespanhol #espanholonline #espanholcorporativo #carreirainternacional #espanholparanegocio #travanoespanhol #voceseidentifica #identificacao
2026-03-28;Sabado;07:00;REEL;TOPO;2;Palavras do Cotidiano;viajante;Viajante;Como falar 'carona' em espanhol;Comenta qual palavra voce queria saber | Comenta VIAGEM;VIAGEM;#aprenderespanhol #espanholparabrasileiros #espanholreal #espanholparaviagem #mochilao #viagemparaaamericadosul #espanholdodia #palavradodia #vocabulario
2026-03-28;Sabado;09:30;CARROSSEL;MEIO;12;Historia e Autoridade Pessoal;vai_morar_fora;Vai Morar Fora;Eu fui a imigrante que nao falava o idioma — sei como e;Salva / Me conta sua historia | Comenta METODO;METODO;#espanholonline #espanholparabrasileiros #espanholreal #vidanoexterior #brasileirosnaespanha #brasileironoexterior #professoranativa #bastidores #historiadaale
2026-03-28;Sabado;12:00;REEL;TOPO;2;Palavras do Cotidiano;academico;Academico;Como falar 'materia' (disciplina) em espanhol;Comenta qual palavra voce queria saber | Comenta ERROS;ERROS;#aprenderespanhol #espanholonline #espanholreal #estudarnoexterior #espanholparaconcurso #siele #palavradodia #espanholdodia #vocabulario
2026-03-28;Sabado;15:00;CARROSSEL;FUNDO;6;Metodo e Bastidor;profissional;Profissional;Imersao Ativa: como treinar espanhol sem sair do escritorio;Comenta METODO para saber mais | Comenta METODO;METODO;#espanholcomvoce #espanholonline #espanholreal #negociosinternacionais #espanholprofissional #espanholcorporativo #comoaprender #imersaonativa #metodo
2026-03-28;Sabado;18:30;REEL;TOPO;2;Palavras do Cotidiano;viajante;Viajante;Como falar 'saudade' em espanhol;Comenta qual palavra voce queria saber | Comenta VIAGEM;VIAGEM;#espanholreal #espanhol #espanholparabrasileiros #viajarsozinho #viagemparaaamericadosul #espanholparaviagem #palavradodia #vocabulario #espanholdodia
2026-03-28;Sabado;20:00;CARROSSEL;MEIO;7;Dor e Identificacao;vai_morar_fora;Vai Morar Fora;Voce evita ligacoes porque tem medo de nao entender?;Comenta SIM se voce se identifica | Comenta TRAVA;TRAVA;#espanholonline #espanholcomvoce #espanhol #morarfora #imigracao #vidanoexterior #travanoespanhol #voceseidentifica #identificacao
2026-03-29;Domingo;07:00;REEL;TOPO;1;Expressoes Idiomaticas;academico;Academico;Como falar 'pegar no pe' em espanhol;Salva esse video / Manda pra quem precisa | Comenta ERROS;ERROS;#aprenderespanhol #espanholreal #espanhol #siele #espanholparaconcurso #espanholparaenem #espanholnativo #expressoes #comofalarem
2026-03-29;Domingo;09:30;CARROSSEL;FUNDO;10;Prova Social;profissional;Profissional;Vendedora triplicou clientes ao dominar espanhol de negocios;Comenta QUERO se voce quer o mesmo resultado | Comenta AULA;AULA;#espanhol #aprenderespanhol #aprendaespanhol #carreirainternacional #espanholcorporativo #espanholprofissional #depoimento #resultado #alunoreal
2026-03-29;Domingo;12:00;REEL;MEIO;12;Historia e Autoridade Pessoal;viajante;Viajante;Eu aprendi portugues sem escola — foi isso que me ensinou a ensinar;Salva / Me conta sua historia | Comenta METODO;METODO;#espanholparabrasileiros #espanhol #espanholcomvoce #espanholbasico #mochilao #viagemparaaamericadosul #professoranativa #historiadaale #bastidores
2026-03-29;Domingo;15:00;CARROSSEL;TOPO;2;Palavras do Cotidiano;vai_morar_fora;Vai Morar Fora;Como falar 'carteira de motorista' em espanhol;Comenta qual palavra voce queria saber | Comenta VIAGEM;VIAGEM;#aprendaespanhol #espanholparabrasileiros #espanholcomvoce #morarfora #brasileironoexterior #brasileirosnaespanha #espanholdodia #vocabulario #palavradodia
2026-03-29;Domingo;18:30;REEL;MEIO;4;Perguntas de Seguidores;academico;Academico;Seguidor pergunta: como se preparar para o DELE?;Manda sua duvida nos comentarios | Comenta ERROS;ERROS;#espanholonline #aprenderespanhol #espanholreal #proficienciaemespanhol #estudarnoexterior #espanholparaconcurso #aleresponde #perguntadeseguidor #duvida
2026-03-29;Domingo;20:00;CARROSSEL;FUNDO;11;CTA Indireto;profissional;Profissional;Quer destravar o espanhol da sua carreira? Comeca por aqui;Comenta AULA | Comenta AULA;AULA;#espanholparabrasileiros #espanholonline #espanholcomvoce #espanholparatrabalho #espanholprofissional #espanholcorporativo #comece #aulademonstrativa #linknabioo
2026-03-30;Segunda;07:00;REEL;TOPO;5;Cultura e Diferencas;viajante;Viajante;O que e siesta e por que os espanhois amam;Comenta seu pais favorito | Comenta VIAGEM;VIAGEM;#espanholcomvoce #espanholparabrasileiros #espanhol #espanholparaviagem #viagemparaaamericadosul #espanholbasico #culturaespanhola #curiosidades #diferencas
2026-03-30;Segunda;09:30;CARROSSEL;FUNDO;11;CTA Indireto;vai_morar_fora;Vai Morar Fora;Comenta AULA — tenho uma aula demonstrativa gratuita pra voce;Comenta AULA | Comenta AULA;AULA;#espanholcomvoce #espanholreal #espanholonline #brasileironoexterior #brasileirosnaespanha #vidanoexterior #aulademonstrativa #linknabioo #comece
2026-03-30;Segunda;12:00;REEL;MEIO;7;Dor e Identificacao;academico;Academico;Voce ja estudou espanhol e mesmo assim nao consegue conversar?;Comenta SIM se voce se identifica | Comenta TRAVA;TRAVA;#espanholonline #espanholparabrasileiros #espanhol #espanholparaenem #estudarnoexterior #dele #travanoespanhol #voceseidentifica #identificacao
2026-03-30;Segunda;15:00;CARROSSEL;TOPO;2;Palavras do Cotidiano;profissional;Profissional;Como falar 'prazo' em espanhol;Comenta qual palavra voce queria saber | Comenta ERROS;ERROS;#aprenderespanhol #aprendaespanhol #espanholparabrasileiros #espanholcorporativo #espanholparanegocio #espanholprofissional #vocabulario #palavradodia #espanholdodia
2026-03-30;Segunda;18:30;REEL;MEIO;9;Quebra de Crencas;viajante;Viajante;Quanto mais voce estuda espanhol... pior voce fala;Comenta se voce acreditava nisso | Comenta METODO;METODO;#espanholparabrasileiros #espanholonline #espanholcomvoce #espanholparaviagem #espanholbasico #viagemparaaamericadosul #quebradecrencas #verdade #mentiradoespanhol
2026-03-30;Segunda;20:00;CARROSSEL;TOPO;5;Cultura e Diferencas;vai_morar_fora;Vai Morar Fora;Sistema de saude Espanha vs Brasil — a diferenca;Comenta seu pais favorito | Comenta VIAGEM;VIAGEM;#aprenderespanhol #espanholparabrasileiros #aprendaespanhol #brasileironoexterior #brasileirosnaespanha #brasileirosnaargentina #diferencas #curiosidades #culturaespanhola
2026-03-31;Terca;07:00;REEL;MEIO;8;Desejo e Transformacao;academico;Academico;Como seria conseguir a bolsa dos seus sonhos?;Comenta QUERO se esse e seu sonho | Comenta AULA;AULA;#aprendaespanhol #espanholonline #espanholparabrasileiros #espanholparaenem #siele #dele #destrave #transformacao #faleespanhol
2026-03-31;Terca;09:30;CARROSSEL;TOPO;5;Cultura e Diferencas;profissional;Profissional;Cultura de trabalho na Espanha vs no Brasil;Comenta seu pais favorito | Comenta VIAGEM;VIAGEM;#espanholparabrasileiros #espanhol #espanholreal #espanholcorporativo #espanholprofissional #espanholparanegocio #curiosidades #diferencas #culturaespanhola
2026-03-31;Terca;12:00;REEL;TOPO;1;Expressoes Idiomaticas;viajante;Viajante;Como falar 'se vira nos 30' em espanhol;Salva esse video / Manda pra quem precisa | Comenta VIAGEM;VIAGEM;#espanholreal #aprendaespanhol #espanholonline #viagemparaaamericadosul #espanholparaviagem #espanholnoexterior #espanholnativo #comofalarem #expressoes
2026-03-31;Terca;15:00;CARROSSEL;FUNDO;11;CTA Indireto;vai_morar_fora;Vai Morar Fora;Voce nao precisa chegar la sem falar — comeca agora;Comenta AULA | Comenta AULA;AULA;#espanholreal #espanhol #aprenderespanhol #brasileirosnaargentina #brasileironoexterior #morarfora #linknabioo #comece #aulademonstrativa
2026-03-31;Terca;18:30;REEL;MEIO;9;Quebra de Crencas;academico;Academico;O problema nao e falta de vocabulario;Comenta se voce acreditava nisso | Comenta METODO;METODO;#espanholonline #espanholparabrasileiros #espanholreal #espanholparaenem #celu #siele #mentiradoespanhol #quebradecrencas #verdade
2026-03-31;Terca;20:00;CARROSSEL;MEIO;9;Quebra de Crencas;profissional;Profissional;Curso generico nao resolve espanhol corporativo;Comenta se voce acreditava nisso | Comenta METODO;METODO;#espanhol #espanholparabrasileiros #espanholcomvoce #carreirainternacional #negociosinternacionais #espanholparatrabalho #verdade #quebradecrencas #mentiradoespanhol
2026-04-01;Quarta;07:00;REEL;FUNDO;10;Prova Social;viajante;Viajante;Aluno que saiu do portunhol e se virou sozinho na Argentina;Comenta QUERO se voce quer o mesmo resultado | Comenta AULA;AULA;#espanholreal #espanholonline #espanholcomvoce #espanholbasico #viajarsozinho #espanholnoexterior #resultado #depoimento #alunoreal
2026-04-01;Quarta;09:30;CARROSSEL;TOPO;2;Palavras do Cotidiano;vai_morar_fora;Vai Morar Fora;Como falar 'comprovante de residencia' em espanhol;Comenta qual palavra voce queria saber | Comenta VIAGEM;VIAGEM;#espanholcomvoce #espanholonline #espanholparabrasileiros #vidanoexterior #morarfora #imigracao #vocabulario #espanholdodia #palavradodia
2026-04-01;Quarta;12:00;REEL;TOPO;2;Palavras do Cotidiano;academico;Academico;Como falar 'mestrado' em espanhol;Comenta qual palavra voce queria saber | Comenta ERROS;ERROS;#aprenderespanhol #espanholonline #espanholcomvoce #celu #proficienciaemespanhol #estudarnoexterior #vocabulario #espanholdodia #palavradodia
2026-04-01;Quarta;15:00;CARROSSEL;MEIO;4;Perguntas de Seguidores;profissional;Profissional;Seguidor pergunta: como encerrar reuniao em espanhol?;Manda sua duvida nos comentarios | Comenta ERROS;ERROS;#espanholreal #espanhol #espanholonline #carreirainternacional #espanholprofissional #espanholcorporativo #perguntadeseguidor #duvida #aleresponde
2026-04-01;Quarta;18:30;REEL;TOPO;5;Cultura e Diferencas;viajante;Viajante;Festas que voce precisa viver: Espanha vs America Latina;Comenta seu pais favorito | Comenta VIAGEM;VIAGEM;#aprendaespanhol #espanholonline #espanholreal #mochilao #viajarsozinho #viagemparaaamericadosul #culturaespanhola #diferencas #curiosidades
2026-04-01;Quarta;20:00;CARROSSEL;FUNDO;11;CTA Indireto;vai_morar_fora;Vai Morar Fora;Tenho um caminho claro pra quem vai morar fora (vol. 2);Comenta AULA | Comenta AULA;AULA;#aprenderespanhol #espanhol #aprendaespanhol #brasileirosnaespanha #imigracao #morarfora #comece #aulademonstrativa #linknabioo
2026-04-02;Quinta;07:00;REEL;MEIO;12;Historia e Autoridade Pessoal;academico;Academico;15 anos ensinando brasileiros — o que eu descobri;Salva / Me conta sua historia | Comenta METODO;METODO;#espanholonline #espanholparabrasileiros #aprendaespanhol #dele #espanholparaconcurso #estudarnoexterior #historiadaale #professoranativa #bastidores
2026-04-02;Quinta;09:30;CARROSSEL;TOPO;2;Palavras do Cotidiano;profissional;Profissional;Como falar 'ferias' em espanhol;Comenta qual palavra voce queria saber | Comenta ERROS;ERROS;#aprenderespanhol #espanholcomvoce #espanholparabrasileiros #espanholparatrabalho #negociosinternacionais #carreirainternacional #espanholdodia #vocabulario #palavradodia
2026-04-02;Quinta;12:00;REEL;FUNDO;10;Prova Social;viajante;Viajante;De 'nao falo nada' a 'negociei preco no mercado em espanhol';Comenta QUERO se voce quer o mesmo resultado | Comenta AULA;AULA;#espanhol #aprenderespanhol #espanholreal #espanholparaviagem #viajarsozinho #mochilao #depoimento #alunoreal #resultado
2026-04-02;Quinta;15:00;CARROSSEL;MEIO;4;Perguntas de Seguidores;vai_morar_fora;Vai Morar Fora;Seguidor pergunta: como falar com casero/proprietario?;Manda sua duvida nos comentarios | Comenta ERROS;ERROS;#espanholonline #aprenderespanhol #espanholparabrasileiros #morarfora #brasileironoexterior #imigracao #duvida #aleresponde #perguntadeseguidor
2026-04-02;Quinta;18:30;REEL;FUNDO;6;Metodo e Bastidor;academico;Academico;Por que decorar nao funciona — e o que funciona de verdade;Comenta METODO para saber mais | Comenta METODO;METODO;#espanholcomvoce #espanholonline #aprenderespanhol #dele #siele #proficienciaemespanhol #metodo #comoaprender #imersaonativa
2026-04-02;Quinta;20:00;CARROSSEL;MEIO;4;Perguntas de Seguidores;profissional;Profissional;Seguidor pergunta: como negociar preco em espanhol?;Manda sua duvida nos comentarios | Comenta ERROS;ERROS;#espanholreal #espanhol #espanholcomvoce #espanholparanegocio #carreirainternacional #espanholprofissional #aleresponde #duvida #perguntadeseguidor
2026-04-03;Sexta;07:00;REEL;FUNDO;10;Prova Social;viajante;Viajante;Print de aluna: 'Ale, consegui pedir comida sem travar!';Comenta QUERO se voce quer o mesmo resultado | Comenta AULA;AULA;#espanholparabrasileiros #espanhol #espanholreal #espanholbasico #mochilao #espanholparaviagem #resultado #depoimento #alunoreal
2026-04-03;Sexta;09:30;CARROSSEL;MEIO;4;Perguntas de Seguidores;vai_morar_fora;Vai Morar Fora;Seguidor pergunta: documentos para o NIE — vocabulario;Manda sua duvida nos comentarios | Comenta PRONUNCIA;PRONUNCIA;#espanholonline #espanhol #aprendaespanhol #brasileirosnaespanha #morarfora #brasileironoexterior #aleresponde #perguntadeseguidor #duvida
2026-04-03;Sexta;12:00;REEL;TOPO;2;Palavras do Cotidiano;academico;Academico;Como falar 'prova' em espanhol;Comenta qual palavra voce queria saber | Comenta ERROS;ERROS;#aprendaespanhol #espanholonline #espanhol #estudarnoexterior #siele #espanholparaenem #espanholdodia #vocabulario #palavradodia
2026-04-03;Sexta;15:00;CARROSSEL;MEIO;4;Perguntas de Seguidores;profissional;Profissional;Seguidor pergunta: espanhol basico para entrevista?;Manda sua duvida nos comentarios | Comenta PRONUNCIA;PRONUNCIA;#espanholcomvoce #espanholparabrasileiros #aprenderespanhol #negociosinternacionais #carreirainternacional #espanholcorporativo #aleresponde #perguntadeseguidor #duvida
2026-04-03;Sexta;18:30;REEL;MEIO;7;Dor e Identificacao;viajante;Viajante;Voce traduz tudo na cabeca antes de abrir a boca?;Comenta SIM se voce se identifica | Comenta TRAVA;TRAVA;#espanholparabrasileiros #espanholreal #espanholcomvoce #viajarsozinho #espanholnoexterior #mochilao #travanoespanhol #identificacao #voceseidentifica
2026-04-03;Sexta;20:00;CARROSSEL;FUNDO;11;CTA Indireto;vai_morar_fora;Vai Morar Fora;Se voce vai se mudar e quer chegar preparado, eu te ajudo (vol. 2);Comenta AULA | Comenta AULA;AULA;#espanholparabrasileiros #espanholonline #aprenderespanhol #morarfora #brasileirosnaespanha #brasileirosnaargentina #aulademonstrativa #comece #linknabioo
2026-04-04;Sabado;07:00;REEL;FUNDO;11;CTA Indireto;academico;Academico;Comenta AULA que te mando o link da aula demonstrativa;Comenta AULA | Comenta AULA;AULA;#espanholparabrasileiros #espanhol #aprenderespanhol #proficienciaemespanhol #celu #siele #comece #linknabioo #aulademonstrativa
2026-04-04;Sabado;09:30;CARROSSEL;TOPO;2;Palavras do Cotidiano;profissional;Profissional;Como falar 'demissao' em espanhol;Comenta qual palavra voce queria saber | Comenta ERROS;ERROS;#espanholparabrasileiros #espanholcomvoce #espanhol #negociosinternacionais #espanholcorporativo #carreirainternacional #espanholdodia #vocabulario #palavradodia
2026-04-04;Sabado;12:00;REEL;TOPO;1;Expressoes Idiomaticas;viajante;Viajante;Como falar 'to de boa' em espanhol;Salva esse video / Manda pra quem precisa | Comenta VIAGEM;VIAGEM;#espanhol #aprenderespanhol #espanholcomvoce #viajarsozinho #espanholparaviagem #espanholnoexterior #comofalarem #expressoes #espanholnativo
2026-04-04;Sabado;15:00;CARROSSEL;TOPO;3;Erros e Falsos Amigos;vai_morar_fora;Vai Morar Fora;FIRMA nao e empresa — e assinatura!;Comenta se voce ja falou isso | Comenta FALSOS;FALSOS;#aprendaespanhol #espanholparabrasileiros #espanholonline #imigracao #vidanoexterior #brasileirosnaespanha #falsoscognatos #erroscomuns #cuidado
2026-04-04;Sabado;18:30;REEL;MEIO;12;Historia e Autoridade Pessoal;academico;Academico;Por que o metodo tradicional nao funciona (eu vi acontecer);Salva / Me conta sua historia | Comenta METODO;METODO;#espanhol #aprendaespanhol #espanholparabrasileiros #estudarnoexterior #dele #espanholparaenem #bastidores #professoranativa #historiadaale
2026-04-04;Sabado;20:00;CARROSSEL;MEIO;4;Perguntas de Seguidores;profissional;Profissional;Seguidor pergunta: como apresentar resultados em espanhol?;Manda sua duvida nos comentarios | Comenta ERROS;ERROS;#espanhol #espanholreal #espanholparabrasileiros #espanholprofissional #espanholparatrabalho #carreirainternacional #perguntadeseguidor #aleresponde #duvida
2026-04-05;Domingo;07:00;REEL;FUNDO;10;Prova Social;viajante;Viajante;Ela travava... hoje conversa com nativos na viagem (vol. 2);Comenta QUERO se voce quer o mesmo resultado | Comenta AULA;AULA;#espanholcomvoce #aprendaespanhol #espanholreal #viagemparaaamericadosul #espanholnoexterior #espanholbasico #resultado #depoimento #alunoreal
2026-04-05;Domingo;09:30;CARROSSEL;MEIO;4;Perguntas de Seguidores;vai_morar_fora;Vai Morar Fora;Seguidor pergunta: como abrir conta bancaria em espanhol?;Manda sua duvida nos comentarios | Comenta ERROS;ERROS;#espanholparabrasileiros #espanholreal #espanholcomvoce #imigracao #morarfora #brasileironoexterior #perguntadeseguidor #duvida #aleresponde
2026-04-05;Domingo;12:00;REEL;TOPO;1;Expressoes Idiomaticas;academico;Academico;Como falar 'matar aula' em espanhol;Salva esse video / Manda pra quem precisa | Comenta ERROS;ERROS;#espanholonline #aprendaespanhol #espanholreal #proficienciaemespanhol #espanholparaconcurso #estudarnoexterior #comofalarem #expressoes #espanholnativo
2026-04-05;Domingo;15:00;CARROSSEL;TOPO;3;Erros e Falsos Amigos;profissional;Profissional;FACTURA nao e fatura do cartao — e nota fiscal!;Comenta se voce ja falou isso | Comenta FALSOS;FALSOS;#espanhol #espanholonline #espanholparabrasileiros #espanholparatrabalho #espanholcorporativo #espanholparanegocio #cuidado #erroscomuns #falsoscognatos
2026-04-05;Domingo;18:30;REEL;FUNDO;6;Metodo e Bastidor;viajante;Viajante;Como o cerebro realmente aprende um idioma novo;Comenta METODO para saber mais | Comenta METODO;METODO;#espanholonline #aprenderespanhol #espanholparabrasileiros #espanholbasico #viajarsozinho #espanholnoexterior #comoaprender #metodo #imersaonativa
2026-04-05;Domingo;20:00;CARROSSEL;MEIO;12;Historia e Autoridade Pessoal;vai_morar_fora;Vai Morar Fora;O choque cultural que eu vivi quando cheguei no Brasil;Salva / Me conta sua historia | Comenta METODO;METODO;#espanholcomvoce #espanholparabrasileiros #espanholonline #brasileironoexterior #vidanoexterior #morarfora #professoranativa #historiadaale #bastidores
2026-04-06;Segunda;07:00;REEL;MEIO;7;Dor e Identificacao;academico;Academico;Voce decora regras mas na hora da prova da branco?;Comenta SIM se voce se identifica | Comenta TRAVA;TRAVA;#espanholreal #espanholparabrasileiros #aprendaespanhol #dele #estudarnoexterior #espanholparaconcurso #travanoespanhol #voceseidentifica #identificacao
2026-04-06;Segunda;09:30;CARROSSEL;TOPO;3;Erros e Falsos Amigos;profissional;Profissional;CARGO em espanhol pode significar taxa/cobranca!;Comenta se voce ja falou isso | Comenta FALSOS;FALSOS;#espanholonline #aprendaespanhol #espanhol #espanholparanegocio #carreirainternacional #espanholcorporativo #erroscomuns #cuidado #falsoscognatos
2026-04-06;Segunda;12:00;REEL;TOPO;1;Expressoes Idiomaticas;viajante;Viajante;Como falar 'ficar de bobeira' em espanhol;Salva esse video / Manda pra quem precisa | Comenta VIAGEM;VIAGEM;#espanhol #aprenderespanhol #espanholcomvoce #espanholbasico #viajarsozinho #espanholparaviagem #espanholnativo #comofalarem #expressoes
2026-04-06;Segunda;15:00;CARROSSEL;MEIO;4;Perguntas de Seguidores;vai_morar_fora;Vai Morar Fora;Seguidor pergunta: como reclamar de um servico?;Manda sua duvida nos comentarios | Comenta ERROS;ERROS;#espanhol #espanholonline #aprenderespanhol #vidanoexterior #brasileironoexterior #imigracao #perguntadeseguidor #duvida #aleresponde
2026-04-06;Segunda;18:30;REEL;TOPO;3;Erros e Falsos Amigos;academico;Academico;ASIGNATURA nao e assinatura — e materia/disciplina!;Comenta se voce ja falou isso | Comenta FALSOS;FALSOS;#aprendaespanhol #espanholparabrasileiros #espanholonline #proficienciaemespanhol #celu #espanholparaconcurso #cuidado #erroscomuns #falsoscognatos
2026-04-06;Segunda;20:00;CARROSSEL;FUNDO;11;CTA Indireto;profissional;Profissional;Espanhol corporativo nao se aprende em app — se aprende com metodo;Comenta AULA | Comenta AULA;AULA;#aprendaespanhol #espanholparabrasileiros #espanholonline #negociosinternacionais #espanholparanegocio #espanholcorporativo #comece #aulademonstrativa #linknabioo
2026-04-07;Terca;07:00;REEL;MEIO;12;Historia e Autoridade Pessoal;viajante;Viajante;Minha primeira semana no Brasil sem falar portugues;Salva / Me conta sua historia | Comenta METODO;METODO;#aprendaespanhol #espanholcomvoce #espanholparabrasileiros #espanholbasico #espanholparaviagem #espanholnoexterior #professoranativa #bastidores #historiadaale
2026-04-07;Terca;09:30;CARROSSEL;MEIO;4;Perguntas de Seguidores;vai_morar_fora;Vai Morar Fora;Seguidor pergunta: como pedir orcamento em espanhol?;Manda sua duvida nos comentarios | Comenta ERROS;ERROS;#aprenderespanhol #espanholcomvoce #espanholparabrasileiros #imigracao #morarfora #vidanoexterior #aleresponde #perguntadeseguidor #duvida
2026-04-07;Terca;12:00;REEL;TOPO;3;Erros e Falsos Amigos;academico;Academico;EXITO em espanhol e sucesso, nao saida!;Comenta se voce ja falou isso | Comenta FALSOS;FALSOS;#espanholcomvoce #espanholreal #espanhol #dele #espanholparaconcurso #siele #falsoscognatos #erroscomuns #cuidado
2026-04-07;Terca;15:00;CARROSSEL;TOPO;5;Cultura e Diferencas;profissional;Profissional;Reunioes no Brasil vs no Mexico — a diferenca;Comenta seu pais favorito | Comenta VIAGEM;VIAGEM;#aprendaespanhol #espanholonline #aprenderespanhol #negociosinternacionais #espanholparatrabalho #espanholprofissional #culturaespanhola #curiosidades #diferencas
2026-04-07;Terca;18:30;REEL;FUNDO;10;Prova Social;viajante;Viajante;Aluno que saiu do portunhol e se virou sozinho na Argentina (vol. 2);Comenta QUERO se voce quer o mesmo resultado | Comenta AULA;AULA;#espanholparabrasileiros #aprendaespanhol #espanholcomvoce #viagemparaaamericadosul #mochilao #espanholnoexterior #alunoreal #resultado #depoimento
2026-04-07;Terca;20:00;CARROSSEL;MEIO;12;Historia e Autoridade Pessoal;vai_morar_fora;Vai Morar Fora;Por que eu criei o Espanhol com Voce;Salva / Me conta sua historia | Comenta METODO;METODO;#aprenderespanhol #espanholreal #espanhol #vidanoexterior #imigracao #brasileirosnaargentina #professoranativa #historiadaale #bastidores
2026-04-08;Quarta;07:00;REEL;FUNDO;11;CTA Indireto;academico;Academico;Voce nao precisa de mais um cursinho — precisa de metodo;Comenta AULA | Comenta AULA;AULA;#espanhol #aprenderespanhol #espanholcomvoce #proficienciaemespanhol #dele #siele #comece #linknabioo #aulademonstrativa
2026-04-08;Quarta;09:30;CARROSSEL;TOPO;3;Erros e Falsos Amigos;profissional;Profissional;JEFE vs PATRON — a diferenca importa;Comenta se voce ja falou isso | Comenta FALSOS;FALSOS;#espanholcomvoce #espanholparabrasileiros #espanholonline #espanholprofissional #negociosinternacionais #espanholparatrabalho #falsoscognatos #erroscomuns #cuidado
2026-04-08;Quarta;12:00;REEL;TOPO;1;Expressoes Idiomaticas;viajante;Viajante;Como falar 'chutar o balde' em espanhol;Salva esse video / Manda pra quem precisa | Comenta VIAGEM;VIAGEM;#aprendaespanhol #espanholcomvoce #espanhol #viajarsozinho #espanholbasico #mochilao #expressoes #comofalarem #espanholnativo
2026-04-08;Quarta;15:00;CARROSSEL;MEIO;9;Quebra de Crencas;vai_morar_fora;Vai Morar Fora;Morar fora NAO garante fluencia — tem brasileiro com 10 anos que nao fala;Comenta se voce acreditava nisso | Comenta METODO;METODO;#espanhol #espanholreal #aprendaespanhol #vidanoexterior #imigracao #brasileironoexterior #verdade #quebradecrencas #mentiradoespanhol
2026-04-08;Quarta;18:30;REEL;FUNDO;6;Metodo e Bastidor;academico;Academico;Como o Metodo Imersao Nativa prepara para o DELE;Comenta METODO para saber mais | Comenta METODO;METODO;#espanholcomvoce #espanhol #aprenderespanhol #celu #dele #proficienciaemespanhol #imersaonativa #comoaprender #metodo
2026-04-08;Quarta;20:00;CARROSSEL;TOPO;3;Erros e Falsos Amigos;profissional;Profissional;EMPRESA vs COMPANIA — quando usar cada um;Comenta se voce ja falou isso | Comenta FALSOS;FALSOS;#aprendaespanhol #espanholcomvoce #aprenderespanhol #espanholprofissional #espanholparatrabalho #carreirainternacional #falsoscognatos #cuidado #erroscomuns
2026-04-09;Quinta;07:00;REEL;MEIO;9;Quebra de Crencas;viajante;Viajante;Aplicativo nao ensina espanhol de verdade;Comenta se voce acreditava nisso | Comenta METODO;METODO;#aprenderespanhol #espanhol #espanholonline #espanholbasico #mochilao #viagemparaaamericadosul #quebradecrencas #mentiradoespanhol #verdade
2026-04-09;Quinta;09:30;CARROSSEL;FUNDO;6;Metodo e Bastidor;vai_morar_fora;Vai Morar Fora;Repeticao espacada: por que voce esquece e como resolver;Comenta METODO para saber mais | Comenta METODO;METODO;#aprenderespanhol #espanhol #espanholreal #morarfora #vidanoexterior #brasileirosnaespanha #metodo #comoaprender #imersaonativa
2026-04-09;Quinta;12:00;REEL;MEIO;12;Historia e Autoridade Pessoal;academico;Academico;A historia por tras do Metodo Imersao Nativa;Salva / Me conta sua historia | Comenta METODO;METODO;#espanholreal #aprendaespanhol #aprenderespanhol #espanholparaconcurso #espanholparaenem #celu #professoranativa #historiadaale #bastidores
2026-04-09;Quinta;15:00;CARROSSEL;FUNDO;11;CTA Indireto;profissional;Profissional;Se o espanhol e o que falta pra sua promocao, eu te mostro o caminho;Comenta AULA | Comenta AULA;AULA;#aprenderespanhol #espanholreal #espanholcomvoce #espanholprofissional #espanholcorporativo #carreirainternacional #linknabioo #comece #aulademonstrativa
2026-04-09;Quinta;18:30;REEL;MEIO;9;Quebra de Crencas;viajante;Viajante;Espanhol NAO e facil so porque e parecido com portugues;Comenta se voce acreditava nisso | Comenta METODO;METODO;#espanholreal #aprenderespanhol #espanhol #viajarsozinho #espanholnoexterior #viagemparaaamericadosul #verdade #mentiradoespanhol #quebradecrencas
2026-04-09;Quinta;20:00;CARROSSEL;TOPO;2;Palavras do Cotidiano;vai_morar_fora;Vai Morar Fora;Como falar 'ficha medica' em espanhol;Comenta qual palavra voce queria saber | Comenta VIAGEM;VIAGEM;#espanholonline #aprendaespanhol #espanholparabrasileiros #brasileirosnaargentina #brasileironoexterior #vidanoexterior #vocabulario #palavradodia #espanholdodia
2026-04-10;Sexta;07:00;REEL;MEIO;9;Quebra de Crencas;academico;Academico;Decorar conjugacoes nao funciona — a ciencia ja provou;Comenta se voce acreditava nisso | Comenta METODO;METODO;#aprendaespanhol #espanhol #espanholonline #siele #dele #espanholparaconcurso #verdade #quebradecrencas #mentiradoespanhol
2026-04-10;Sexta;09:30;CARROSSEL;FUNDO;10;Prova Social;profissional;Profissional;Gerente fechou contrato gracas ao espanhol fluente;Comenta QUERO se voce quer o mesmo resultado | Comenta AULA;AULA;#aprenderespanhol #espanhol #aprendaespanhol #espanholprofissional #espanholcorporativo #negociosinternacionais #depoimento #resultado #alunoreal
2026-04-10;Sexta;12:00;REEL;MEIO;12;Historia e Autoridade Pessoal;viajante;Viajante;Por que uma nativa ensina diferente de um professor de cursinho;Salva / Me conta sua historia | Comenta METODO;METODO;#espanholcomvoce #espanhol #aprenderespanhol #viajarsozinho #espanholnoexterior #viagemparaaamericadosul #bastidores #historiadaale #professoranativa
2026-04-10;Sexta;15:00;CARROSSEL;TOPO;1;Expressoes Idiomaticas;vai_morar_fora;Vai Morar Fora;Como falar 'saudade' em espanhol (spoiler: nao tem!);Salva esse video / Manda pra quem precisa | Comenta VIAGEM;VIAGEM;#aprenderespanhol #espanholreal #espanhol #brasileirosnaargentina #vidanoexterior #brasileironoexterior #expressoes #comofalarem #espanholnativo
2026-04-10;Sexta;18:30;REEL;FUNDO;11;CTA Indireto;academico;Academico;Se o DELE esta no seu caminho, eu te preparo;Comenta AULA | Comenta AULA;AULA;#aprenderespanhol #espanholcomvoce #espanholparabrasileiros #proficienciaemespanhol #estudarnoexterior #dele #linknabioo #aulademonstrativa #comece
2026-04-10;Sexta;20:00;CARROSSEL;MEIO;4;Perguntas de Seguidores;profissional;Profissional;Seguidor pergunta: small talk antes da reuniao?;Manda sua duvida nos comentarios | Comenta PRONUNCIA;PRONUNCIA;#aprenderespanhol #espanholreal #espanhol #espanholparanegocio #negociosinternacionais #espanholparatrabalho #duvida #aleresponde #perguntadeseguidor
2026-04-11;Sabado;07:00;REEL;MEIO;8;Desejo e Transformacao;viajante;Viajante;Imagina pedir comida, pechinchar e fazer amigos em espanhol...;Comenta QUERO se esse e seu sonho | Comenta AULA;AULA;#espanholreal #espanhol #aprendaespanhol #espanholparaviagem #espanholnoexterior #mochilao #faleespanhol #transformacao #destrave
2026-04-11;Sabado;09:30;CARROSSEL;TOPO;3;Erros e Falsos Amigos;vai_morar_fora;Vai Morar Fora;CONTESTAR em espanhol e responder, nao contestar!;Comenta se voce ja falou isso | Comenta FALSOS;FALSOS;#aprendaespanhol #espanholreal #aprenderespanhol #imigracao #brasileirosnaargentina #morarfora #falsoscognatos #erroscomuns #cuidado
2026-04-11;Sabado;12:00;REEL;MEIO;8;Desejo e Transformacao;academico;Academico;6 meses para dominar o espanhol que a prova cobra;Comenta QUERO se esse e seu sonho | Comenta AULA;AULA;#espanholonline #espanholreal #espanholparabrasileiros #proficienciaemespanhol #espanholparaenem #celu #faleespanhol #transformacao #destrave
2026-04-11;Sabado;15:00;CARROSSEL;TOPO;3;Erros e Falsos Amigos;profissional;Profissional;EMPRESA vs COMPANIA — quando usar cada um (vol. 2);Comenta se voce ja falou isso | Comenta FALSOS;FALSOS;#espanholonline #aprenderespanhol #espanholparabrasileiros #espanholparatrabalho #negociosinternacionais #espanholprofissional #falsoscognatos #cuidado #erroscomuns
2026-04-11;Sabado;18:30;REEL;FUNDO;11;CTA Indireto;viajante;Viajante;Quer sair do portunhol? Comeca por aqui;Comenta AULA | Comenta AULA;AULA;#aprendaespanhol #espanholcomvoce #aprenderespanhol #espanholparaviagem #viagemparaaamericadosul #espanholbasico #comece #aulademonstrativa #linknabioo
2026-04-11;Sabado;20:00;CARROSSEL;TOPO;3;Erros e Falsos Amigos;vai_morar_fora;Vai Morar Fora;JUBILACION nao e jubilacao — e aposentadoria!;Comenta se voce ja falou isso | Comenta FALSOS;FALSOS;#espanholreal #aprendaespanhol #espanholonline #brasileirosnaespanha #vidanoexterior #imigracao #erroscomuns #cuidado #falsoscognatos
2026-04-12;Domingo;07:00;REEL;TOPO;5;Cultura e Diferencas;academico;Academico;Espanhol da Espanha vs America Latina — diferencas reais;Comenta seu pais favorito | Comenta VIAGEM;VIAGEM;#aprenderespanhol #espanholreal #espanholonline #espanholparaconcurso #dele #estudarnoexterior #curiosidades #diferencas #culturaespanhola
2026-04-12;Domingo;09:30;CARROSSEL;TOPO;5;Cultura e Diferencas;profissional;Profissional;Por que multinacionais exigem espanhol no curriculo;Comenta seu pais favorito | Comenta VIAGEM;VIAGEM;#espanhol #espanholcomvoce #aprendaespanhol #carreirainternacional #espanholprofissional #espanholparanegocio #culturaespanhola #curiosidades #diferencas
2026-04-12;Domingo;12:00;REEL;FUNDO;6;Metodo e Bastidor;viajante;Viajante;A diferenca entre estudar e adquirir espanhol;Comenta METODO para saber mais | Comenta METODO;METODO;#aprenderespanhol #espanholreal #espanholonline #viagemparaaamericadosul #espanholnoexterior #espanholparaviagem #metodo #comoaprender #imersaonativa
2026-04-12;Domingo;15:00;CARROSSEL;MEIO;9;Quebra de Crencas;vai_morar_fora;Vai Morar Fora;Voce nao vai aprender espanhol 'naturalmente' so por estar la;Comenta se voce acreditava nisso | Comenta METODO;METODO;#espanholparabrasileiros #espanholonline #aprendaespanhol #brasileirosnaargentina #brasileironoexterior #vidanoexterior #verdade #quebradecrencas #mentiradoespanhol
2026-04-12;Domingo;18:30;REEL;FUNDO;10;Prova Social;academico;Academico;Estudante tirou nota maxima em espanhol no ENEM;Comenta QUERO se voce quer o mesmo resultado | Comenta AULA;AULA;#espanholonline #espanholreal #aprendaespanhol #dele #siele #espanholparaconcurso #depoimento #alunoreal #resultado
2026-04-12;Domingo;20:00;CARROSSEL;MEIO;8;Desejo e Transformacao;profissional;Profissional;Imagina participar de reunioes em espanhol sem travar...;Comenta QUERO se esse e seu sonho | Comenta AULA;AULA;#espanhol #aprenderespanhol #espanholparabrasileiros #espanholparanegocio #espanholparatrabalho #negociosinternacionais #transformacao #faleespanhol #destrave
2026-04-13;Segunda;07:00;REEL;FUNDO;10;Prova Social;viajante;Viajante;Ela travava... hoje conversa com nativos na viagem (vol. 2);Comenta QUERO se voce quer o mesmo resultado | Comenta AULA;AULA;#espanholonline #espanholparabrasileiros #espanholreal #espanholparaviagem #mochilao #espanholbasico #depoimento #alunoreal #resultado
2026-04-13;Segunda;09:30;CARROSSEL;TOPO;5;Cultura e Diferencas;vai_morar_fora;Vai Morar Fora;Supermercado na Espanha: o que tem e o que falta;Comenta seu pais favorito | Comenta VIAGEM;VIAGEM;#aprendaespanhol #espanholonline #espanholreal #morarfora #brasileironoexterior #brasileirosnaespanha #culturaespanhola #curiosidades #diferencas
2026-04-13;Segunda;12:00;REEL;MEIO;8;Desejo e Transformacao;academico;Academico;Imagina ler textos academicos em espanhol sem dificuldade...;Comenta QUERO se esse e seu sonho | Comenta AULA;AULA;#espanholonline #espanholcomvoce #aprenderespanhol #dele #proficienciaemespanhol #espanholparaenem #faleespanhol #destrave #transformacao
2026-04-13;Segunda;15:00;CARROSSEL;MEIO;12;Historia e Autoridade Pessoal;profissional;Profissional;Como uma professora de espanhol construiu um negocio digital;Salva / Me conta sua historia | Comenta METODO;METODO;#espanholcomvoce #espanholonline #espanholparabrasileiros #espanholcorporativo #espanholparatrabalho #espanholprofissional #bastidores #professoranativa #historiadaale
2026-04-13;Segunda;18:30;REEL;TOPO;1;Expressoes Idiomaticas;viajante;Viajante;Como falar 'cara de pau' em espanhol;Salva esse video / Manda pra quem precisa | Comenta VIAGEM;VIAGEM;#aprenderespanhol #aprendaespanhol #espanhol #viajarsozinho #espanholparaviagem #mochilao #comofalarem #espanholnativo #expressoes
2026-04-13;Segunda;20:00;CARROSSEL;TOPO;1;Expressoes Idiomaticas;vai_morar_fora;Vai Morar Fora;Como falar 'gambiarra' em espanhol;Salva esse video / Manda pra quem precisa | Comenta VIAGEM;VIAGEM;#espanhol #espanholreal #espanholcomvoce #brasileirosnaargentina #brasileirosnaespanha #morarfora #expressoes #espanholnativo #comofalarem
2026-04-14;Terca;07:00;REEL;MEIO;8;Desejo e Transformacao;academico;Academico;Como seria apresentar seu trabalho em espanhol sem travar?;Comenta QUERO se esse e seu sonho | Comenta AULA;AULA;#aprenderespanhol #espanholparabrasileiros #espanhol #espanholparaconcurso #estudarnoexterior #proficienciaemespanhol #destrave #faleespanhol #transformacao
2026-04-14;Terca;09:30;CARROSSEL;TOPO;5;Cultura e Diferencas;profissional;Profissional;Mercosul e a importancia do espanhol nos negocios;Comenta seu pais favorito | Comenta VIAGEM;VIAGEM;#espanhol #espanholonline #aprenderespanhol #espanholprofissional #espanholparanegocio #carreirainternacional #culturaespanhola #curiosidades #diferencas
2026-04-14;Terca;12:00;REEL;MEIO;7;Dor e Identificacao;viajante;Viajante;Voce tem vergonha de falar espanhol na frente dos outros?;Comenta SIM se voce se identifica | Comenta TRAVA;TRAVA;#espanhol #espanholcomvoce #aprenderespanhol #viagemparaaamericadosul #mochilao #viajarsozinho #identificacao #voceseidentifica #travanoespanhol
2026-04-14;Terca;15:00;CARROSSEL;FUNDO;6;Metodo e Bastidor;vai_morar_fora;Vai Morar Fora;O pilar que faz voce pensar em espanhol em vez de traduzir;Comenta METODO para saber mais | Comenta METODO;METODO;#espanhol #espanholreal #aprenderespanhol #brasileirosnaargentina #brasileironoexterior #morarfora #metodo #imersaonativa #comoaprender
2026-04-14;Terca;18:30;REEL;MEIO;7;Dor e Identificacao;academico;Academico;Voce entende gramatica mas nao sabe usar na pratica?;Comenta SIM se voce se identifica | Comenta TRAVA;TRAVA;#espanholcomvoce #espanhol #espanholparabrasileiros #celu #estudarnoexterior #proficienciaemespanhol #voceseidentifica #identificacao #travanoespanhol
2026-04-14;Terca;20:00;CARROSSEL;TOPO;2;Palavras do Cotidiano;profissional;Profissional;Como falar 'salario' em espanhol;Comenta qual palavra voce queria saber | Comenta ERROS;ERROS;#espanholonline #aprenderespanhol #espanholcomvoce #espanholprofissional #carreirainternacional #negociosinternacionais #espanholdodia #vocabulario #palavradodia
2026-04-15;Quarta;07:00;REEL;FUNDO;6;Metodo e Bastidor;viajante;Viajante;Por que o Metodo Imersao Nativa funciona para viajantes;Comenta METODO para saber mais | Comenta METODO;METODO;#aprenderespanhol #espanhol #espanholreal #espanholnoexterior #viagemparaaamericadosul #mochilao #imersaonativa #comoaprender #metodo
2026-04-15;Quarta;09:30;CARROSSEL;MEIO;4;Perguntas de Seguidores;vai_morar_fora;Vai Morar Fora;Seguidor pergunta: TU vs USTED — quando usar?;Manda sua duvida nos comentarios | Comenta ERROS;ERROS;#espanholcomvoce #aprenderespanhol #espanhol #vidanoexterior #morarfora #brasileironoexterior #duvida #aleresponde #perguntadeseguidor
2026-04-15;Quarta;12:00;REEL;TOPO;5;Cultura e Diferencas;academico;Academico;Paises onde espanhol e lingua oficial (sao mais que voce pensa);Comenta seu pais favorito | Comenta VIAGEM;VIAGEM;#espanholonline #espanholcomvoce #espanholreal #espanholparaconcurso #siele #estudarnoexterior #curiosidades #culturaespanhola #diferencas
2026-04-15;Quarta;15:00;CARROSSEL;TOPO;2;Palavras do Cotidiano;profissional;Profissional;Como falar 'curriculo' em espanhol;Comenta qual palavra voce queria saber | Comenta ERROS;ERROS;#aprendaespanhol #espanhol #espanholcomvoce #espanholprofissional #espanholparanegocio #espanholcorporativo #palavradodia #vocabulario #espanholdodia
2026-04-15;Quarta;18:30;REEL;TOPO;5;Cultura e Diferencas;viajante;Viajante;Girias do Mexico que nao existem na Espanha;Comenta seu pais favorito | Comenta VIAGEM;VIAGEM;#espanhol #espanholparabrasileiros #espanholonline #espanholparaviagem #mochilao #viajarsozinho #culturaespanhola #diferencas #curiosidades
2026-04-15;Quarta;20:00;CARROSSEL;FUNDO;6;Metodo e Bastidor;vai_morar_fora;Vai Morar Fora;Como o acompanhamento inteligente acelera sua fluencia;Comenta METODO para saber mais | Comenta METODO;METODO;#aprenderespanhol #espanhol #aprendaespanhol #morarfora #brasileironoexterior #brasileirosnaargentina #comoaprender #imersaonativa #metodo
2026-04-16;Quinta;07:00;REEL;MEIO;12;Historia e Autoridade Pessoal;academico;Academico;Por que o metodo tradicional nao funciona (eu vi acontecer) (vol. 2);Salva / Me conta sua historia | Comenta METODO;METODO;#aprenderespanhol #espanholreal #aprendaespanhol #estudarnoexterior #proficienciaemespanhol #siele #professoranativa #historiadaale #bastidores
2026-04-16;Quinta;09:30;CARROSSEL;MEIO;7;Dor e Identificacao;profissional;Profissional;Voce perde oportunidades porque nao fala espanhol?;Comenta SIM se voce se identifica | Comenta TRAVA;TRAVA;#aprenderespanhol #espanhol #aprendaespanhol #espanholprofissional #espanholcorporativo #negociosinternacionais #voceseidentifica #identificacao #travanoespanhol
2026-04-16;Quinta;12:00;REEL;FUNDO;10;Prova Social;viajante;Viajante;De 'nao falo nada' a 'negociei preco no mercado em espanhol' (vol. 2);Comenta QUERO se voce quer o mesmo resultado | Comenta AULA;AULA;#espanholreal #espanhol #espanholparabrasileiros #mochilao #espanholnoexterior #espanholbasico #depoimento #alunoreal #resultado
2026-04-16;Quinta;15:00;CARROSSEL;MEIO;4;Perguntas de Seguidores;vai_morar_fora;Vai Morar Fora;Seguidor pergunta: como falar no telefone em espanhol?;Manda sua duvida nos comentarios | Comenta ERROS;ERROS;#espanhol #aprenderespanhol #espanholparabrasileiros #imigracao #brasileirosnaargentina #brasileirosnaespanha #duvida #perguntadeseguidor #aleresponde
2026-04-16;Quinta;18:30;REEL;TOPO;1;Expressoes Idiomaticas;academico;Academico;Como falar 'tirar de letra' em espanhol;Salva esse video / Manda pra quem precisa | Comenta ERROS;ERROS;#espanholcomvoce #espanhol #aprendaespanhol #estudarnoexterior #espanholparaenem #dele #expressoes #espanholnativo #comofalarem
2026-04-16;Quinta;20:00;CARROSSEL;FUNDO;6;Metodo e Bastidor;profissional;Profissional;Como nosso metodo adapta o aprendizado para seu contexto (vol. 2);Comenta METODO para saber mais | Comenta METODO;METODO;#espanholonline #espanholreal #aprenderespanhol #espanholparanegocio #carreirainternacional #espanholprofissional #imersaonativa #comoaprender #metodo
2026-04-17;Sexta;07:00;REEL;FUNDO;11;CTA Indireto;viajante;Viajante;Se voce quer destravar seu espanhol antes da viagem, eu te mostro como (vol. 2);Comenta AULA | Comenta AULA;AULA;#espanholparabrasileiros #espanholreal #aprenderespanhol #mochilao #espanholbasico #espanholparaviagem #linknabioo #comece #aulademonstrativa
2026-04-17;Sexta;09:30;CARROSSEL;TOPO;5;Cultura e Diferencas;vai_morar_fora;Vai Morar Fora;Vida social: espanhois vs brasileiros;Comenta seu pais favorito | Comenta VIAGEM;VIAGEM;#aprenderespanhol #espanholcomvoce #espanholreal #imigracao #vidanoexterior #brasileirosnaespanha #culturaespanhola #diferencas #curiosidades
2026-04-17;Sexta;12:00;REEL;MEIO;8;Desejo e Transformacao;academico;Academico;Imagina ter o DELE no curriculo...;Comenta QUERO se esse e seu sonho | Comenta AULA;AULA;#espanholparabrasileiros #espanholreal #espanhol #estudarnoexterior #espanholparaconcurso #celu #faleespanhol #transformacao #destrave
2026-04-17;Sexta;15:00;CARROSSEL;MEIO;9;Quebra de Crencas;profissional;Profissional;Voce nao precisa ser perfeito — precisa ser funcional;Comenta se voce acreditava nisso | Comenta METODO;METODO;#aprenderespanhol #espanholreal #espanholcomvoce #espanholcorporativo #espanholparanegocio #espanholparatrabalho #mentiradoespanhol #verdade #quebradecrencas
2026-04-17;Sexta;18:30;REEL;FUNDO;10;Prova Social;viajante;Viajante;De 'nao falo nada' a 'negociei preco no mercado em espanhol' (vol. 2);Comenta QUERO se voce quer o mesmo resultado | Comenta AULA;AULA;#aprendaespanhol #espanhol #espanholonline #viagemparaaamericadosul #espanholnoexterior #espanholparaviagem #alunoreal #resultado #depoimento
2026-04-17;Sexta;20:00;CARROSSEL;MEIO;9;Quebra de Crencas;vai_morar_fora;Vai Morar Fora;Imersao sem metodo e perda de tempo;Comenta se voce acreditava nisso | Comenta METODO;METODO;#espanholreal #aprenderespanhol #espanholonline #imigracao #brasileirosnaespanha #morarfora #mentiradoespanhol #verdade #quebradecrencas
2026-04-18;Sabado;07:00;REEL;FUNDO;10;Prova Social;academico;Academico;Aluna conseguiu bolsa integral na Espanha;Comenta QUERO se voce quer o mesmo resultado | Comenta AULA;AULA;#espanholonline #espanholcomvoce #espanholreal #dele #espanholparaconcurso #celu #depoimento #alunoreal #resultado
2026-04-18;Sabado;09:30;CARROSSEL;TOPO;3;Erros e Falsos Amigos;profissional;Profissional;EMPRESA vs COMPANIA — quando usar cada um (vol. 2);Comenta se voce ja falou isso | Comenta FALSOS;FALSOS;#espanholreal #espanhol #espanholonline #carreirainternacional #espanholparatrabalho #espanholcorporativo #cuidado #falsoscognatos #erroscomuns
2026-04-18;Sabado;12:00;REEL;MEIO;4;Perguntas de Seguidores;viajante;Viajante;Seguidor pergunta: como se apresentar em espanhol?;Manda sua duvida nos comentarios | Comenta ERROS;ERROS;#espanholreal #espanhol #espanholonline #viajarsozinho #mochilao #espanholparaviagem #perguntadeseguidor #aleresponde #duvida
2026-04-18;Sabado;15:00;CARROSSEL;TOPO;3;Erros e Falsos Amigos;vai_morar_fora;Vai Morar Fora;CUENTA pode ser conta bancaria E conta do restaurante!;Comenta se voce ja falou isso | Comenta FALSOS;FALSOS;#espanholreal #espanholparabrasileiros #espanholonline #brasileirosnaespanha #imigracao #brasileirosnaargentina #erroscomuns #cuidado #falsoscognatos
2026-04-18;Sabado;18:30;REEL;MEIO;8;Desejo e Transformacao;academico;Academico;A diferenca entre saber gramatica e realmente usar o idioma;Comenta QUERO se esse e seu sonho | Comenta AULA;AULA;#espanholparabrasileiros #espanholcomvoce #espanholreal #espanholparaenem #celu #estudarnoexterior #faleespanhol #transformacao #destrave
2026-04-18;Sabado;20:00;CARROSSEL;TOPO;2;Palavras do Cotidiano;profissional;Profissional;Como falar 'folga' em espanhol;Comenta qual palavra voce queria saber | Comenta ERROS;ERROS;#espanhol #aprenderespanhol #espanholparabrasileiros #espanholcorporativo #carreirainternacional #espanholprofissional #espanholdodia #vocabulario #palavradodia
2026-04-19;Domingo;07:00;REEL;TOPO;1;Expressoes Idiomaticas;viajante;Viajante;Como falar 'pagar mico' em espanhol;Salva esse video / Manda pra quem precisa | Comenta VIAGEM;VIAGEM;#espanholreal #espanholcomvoce #espanhol #espanholbasico #viagemparaaamericadosul #viajarsozinho #comofalarem #expressoes #espanholnativo
2026-04-19;Domingo;09:30;CARROSSEL;MEIO;4;Perguntas de Seguidores;vai_morar_fora;Vai Morar Fora;Seguidor pergunta: como reclamar de um servico? (vol. 2);Manda sua duvida nos comentarios | Comenta ERROS;ERROS;#espanhol #aprendaespanhol #espanholonline #brasileironoexterior #brasileirosnaespanha #vidanoexterior #perguntadeseguidor #aleresponde #duvida
2026-04-19;Domingo;12:00;REEL;MEIO;4;Perguntas de Seguidores;academico;Academico;Seguidor pergunta: como melhorar redacao em espanhol?;Manda sua duvida nos comentarios | Comenta ERROS;ERROS;#espanhol #espanholonline #espanholreal #estudarnoexterior #espanholparaconcurso #proficienciaemespanhol #perguntadeseguidor #duvida #aleresponde
2026-04-19;Domingo;15:00;CARROSSEL;FUNDO;6;Metodo e Bastidor;profissional;Profissional;Por que metodo generico nao resolve espanhol corporativo (vol. 2);Comenta METODO para saber mais | Comenta METODO;METODO;#aprenderespanhol #espanholreal #espanholcomvoce #espanholparanegocio #espanholparatrabalho #negociosinternacionais #metodo #comoaprender #imersaonativa
2026-04-19;Domingo;18:30;REEL;TOPO;2;Palavras do Cotidiano;viajante;Viajante;Como falar 'gorjeta' em espanhol;Comenta qual palavra voce queria saber | Comenta VIAGEM;VIAGEM;#aprendaespanhol #espanholcomvoce #espanholreal #espanholbasico #espanholparaviagem #mochilao #vocabulario #palavradodia #espanholdodia
2026-04-19;Domingo;20:00;CARROSSEL;FUNDO;6;Metodo e Bastidor;vai_morar_fora;Vai Morar Fora;Como nosso metodo prepara voce para o dia a dia real (vol. 2);Comenta METODO para saber mais | Comenta METODO;METODO;#espanholparabrasileiros #espanholcomvoce #espanhol #brasileironoexterior #imigracao #brasileirosnaespanha #comoaprender #metodo #imersaonativa
2026-04-20;Segunda;07:00;REEL;TOPO;1;Expressoes Idiomaticas;academico;Academico;Como falar 'nao ter pe nem cabeca' em espanhol;Salva esse video / Manda pra quem precisa | Comenta ERROS;ERROS;#espanhol #aprendaespanhol #aprenderespanhol #proficienciaemespanhol #dele #celu #espanholnativo #expressoes #comofalarem
2026-04-20;Segunda;09:30;CARROSSEL;FUNDO;10;Prova Social;profissional;Profissional;Print de aluno: 'Apresentei em espanhol e arrasaram nos elogios';Comenta QUERO se voce quer o mesmo resultado | Comenta AULA;AULA;#aprenderespanhol #espanholcomvoce #espanholreal #espanholparatrabalho #espanholparanegocio #espanholcorporativo #resultado #alunoreal #depoimento
2026-04-20;Segunda;12:00;REEL;TOPO;3;Erros e Falsos Amigos;viajante;Viajante;VASO em espanhol e copo, nao vaso de flor!;Comenta se voce ja falou isso | Comenta FALSOS;FALSOS;#aprenderespanhol #aprendaespanhol #espanhol #espanholparaviagem #viagemparaaamericadosul #viajarsozinho #cuidado #erroscomuns #falsoscognatos
2026-04-20;Segunda;15:00;CARROSSEL;MEIO;7;Dor e Identificacao;vai_morar_fora;Vai Morar Fora;Voce sente que parece menos inteligente em espanhol?;Comenta SIM se voce se identifica | Comenta TRAVA;TRAVA;#espanholreal #espanhol #espanholcomvoce #vidanoexterior #brasileironoexterior #imigracao #voceseidentifica #identificacao #travanoespanhol
2026-04-20;Segunda;18:30;REEL;MEIO;8;Desejo e Transformacao;academico;Academico;Imagina estudar no exterior sem barreira linguistica...;Comenta QUERO se esse e seu sonho | Comenta AULA;AULA;#aprenderespanhol #aprendaespanhol #espanholreal #celu #espanholparaconcurso #dele #transformacao #faleespanhol #destrave
2026-04-20;Segunda;20:00;CARROSSEL;TOPO;5;Cultura e Diferencas;profissional;Profissional;Setores que mais contratam quem fala espanhol;Comenta seu pais favorito | Comenta VIAGEM;VIAGEM;#aprendaespanhol #espanholcomvoce #aprenderespanhol #espanholparanegocio #espanholparatrabalho #espanholprofissional #culturaespanhola #diferencas #curiosidades
2026-04-21;Terca;07:00;REEL;MEIO;9;Quebra de Crencas;viajante;Viajante;Assistir serie com legenda nao te ensina a falar;Comenta se voce acreditava nisso | Comenta METODO;METODO;#aprenderespanhol #espanholonline #espanholreal #espanholnoexterior #mochilao #viajarsozinho #mentiradoespanhol #quebradecrencas #verdade
2026-04-21;Terca;09:30;CARROSSEL;TOPO;1;Expressoes Idiomaticas;vai_morar_fora;Vai Morar Fora;Como falar 'matar a saudade' em espanhol;Salva esse video / Manda pra quem precisa | Comenta VIAGEM;VIAGEM;#espanholreal #espanhol #aprenderespanhol #brasileirosnaargentina #vidanoexterior #imigracao #expressoes #espanholnativo #comofalarem
2026-04-21;Terca;12:00;REEL;MEIO;4;Perguntas de Seguidores;academico;Academico;Seguidor pergunta: como interpretar texto em espanhol?;Manda sua duvida nos comentarios | Comenta ERROS;ERROS;#aprenderespanhol #espanhol #espanholreal #celu #dele #siele #aleresponde #duvida #perguntadeseguidor
2026-04-21;Terca;15:00;CARROSSEL;TOPO;2;Palavras do Cotidiano;profissional;Profissional;Como falar 'prazo' em espanhol (vol. 2);Comenta qual palavra voce queria saber | Comenta ERROS;ERROS;#aprendaespanhol #espanhol #aprenderespanhol #espanholparatrabalho #espanholprofissional #negociosinternacionais #vocabulario #espanholdodia #palavradodia
2026-04-21;Terca;18:30;REEL;MEIO;4;Perguntas de Seguidores;viajante;Viajante;Seguidor pergunta: como falar os numeros grandes? (vol. 2);Manda sua duvida nos comentarios | Comenta ERROS;ERROS;#espanholparabrasileiros #espanholonline #espanholcomvoce #espanholparaviagem #viajarsozinho #espanholbasico #duvida #perguntadeseguidor #aleresponde
2026-04-21;Terca;20:00;CARROSSEL;FUNDO;6;Metodo e Bastidor;vai_morar_fora;Vai Morar Fora;Como nosso metodo prepara voce para o dia a dia real (vol. 2);Comenta METODO para saber mais | Comenta METODO;METODO;#aprenderespanhol #espanholparabrasileiros #espanholonline #vidanoexterior #morarfora #brasileironoexterior #comoaprender #metodo #imersaonativa
2026-04-22;Quarta;07:00;REEL;FUNDO;6;Metodo e Bastidor;academico;Academico;Os 3 pilares do metodo e como aplicar nos estudos;Comenta METODO para saber mais | Comenta METODO;METODO;#espanholcomvoce #espanholreal #espanholonline #siele #dele #estudarnoexterior #imersaonativa #comoaprender #metodo
2026-04-22;Quarta;09:30;CARROSSEL;TOPO;1;Expressoes Idiomaticas;profissional;Profissional;Como falar 'vestir a camisa' em espanhol;Salva esse video / Manda pra quem precisa | Comenta ERROS;ERROS;#espanholonline #aprendaespanhol #espanholparabrasileiros #espanholparanegocio #espanholprofissional #negociosinternacionais #expressoes #espanholnativo #comofalarem
2026-04-22;Quarta;12:00;REEL;MEIO;8;Desejo e Transformacao;viajante;Viajante;6 meses para sair do 'entendo tudo' para 'falo de verdade';Comenta QUERO se esse e seu sonho | Comenta AULA;AULA;#espanholonline #aprendaespanhol #espanholparabrasileiros #viajarsozinho #mochilao #viagemparaaamericadosul #faleespanhol #destrave #transformacao
2026-04-22;Quarta;15:00;CARROSSEL;TOPO;3;Erros e Falsos Amigos;vai_morar_fora;Vai Morar Fora;CARPETA em espanhol e pasta, nao carpete!;Comenta se voce ja falou isso | Comenta FALSOS;FALSOS;#espanholparabrasileiros #espanholcomvoce #aprenderespanhol #vidanoexterior #brasileironoexterior #imigracao #cuidado #falsoscognatos #erroscomuns
2026-04-22;Quarta;18:30;REEL;TOPO;1;Expressoes Idiomaticas;academico;Academico;Como falar 'dar um branco' em espanhol;Salva esse video / Manda pra quem precisa | Comenta ERROS;ERROS;#aprendaespanhol #espanholreal #espanholonline #espanholparaconcurso #proficienciaemespanhol #estudarnoexterior #espanholnativo #expressoes #comofalarem
2026-04-22;Quarta;20:00;CARROSSEL;FUNDO;10;Prova Social;profissional;Profissional;Aluno foi promovido depois de destravar o espanhol (vol. 2);Comenta QUERO se voce quer o mesmo resultado | Comenta AULA;AULA;#espanholonline #espanholcomvoce #espanholreal #espanholparatrabalho #negociosinternacionais #carreirainternacional #depoimento #resultado #alunoreal
2026-04-23;Quinta;07:00;REEL;MEIO;4;Perguntas de Seguidores;viajante;Viajante;Seguidor pergunta: MUY vs MUCHO — qual usar? (vol. 2);Manda sua duvida nos comentarios | Comenta ERROS;ERROS;#espanhol #aprendaespanhol #espanholreal #viagemparaaamericadosul #espanholnoexterior #viajarsozinho #aleresponde #duvida #perguntadeseguidor
2026-04-23;Quinta;09:30;CARROSSEL;FUNDO;11;CTA Indireto;vai_morar_fora;Vai Morar Fora;Se voce vai se mudar e quer chegar preparado, eu te ajudo (vol. 2);Comenta AULA | Comenta AULA;AULA;#aprendaespanhol #espanholonline #espanholcomvoce #brasileironoexterior #brasileirosnaargentina #brasileirosnaespanha #linknabioo #aulademonstrativa #comece
2026-04-23;Quinta;12:00;REEL;MEIO;8;Desejo e Transformacao;academico;Academico;A diferenca entre saber gramatica e realmente usar o idioma (vol. 2);Comenta QUERO se esse e seu sonho | Comenta AULA;AULA;#aprendaespanhol #espanholreal #espanholparabrasileiros #proficienciaemespanhol #espanholparaenem #estudarnoexterior #destrave #transformacao #faleespanhol
2026-04-23;Quinta;15:00;CARROSSEL;MEIO;7;Dor e Identificacao;profissional;Profissional;Voce fica mudo nas reunioes em espanhol?;Comenta SIM se voce se identifica | Comenta TRAVA;TRAVA;#espanholonline #espanholcomvoce #espanhol #espanholparatrabalho #espanholcorporativo #negociosinternacionais #identificacao #travanoespanhol #voceseidentifica
2026-04-23;Quinta;18:30;REEL;FUNDO;6;Metodo e Bastidor;viajante;Viajante;A diferenca entre estudar e adquirir espanhol (vol. 2);Comenta METODO para saber mais | Comenta METODO;METODO;#espanholonline #espanholreal #espanholcomvoce #espanholparaviagem #viajarsozinho #mochilao #comoaprender #imersaonativa #metodo
2026-04-23;Quinta;20:00;CARROSSEL;TOPO;1;Expressoes Idiomaticas;vai_morar_fora;Vai Morar Fora;Como falar 'quebrar o galho' em espanhol;Salva esse video / Manda pra quem precisa | Comenta VIAGEM;VIAGEM;#espanholreal #aprenderespanhol #espanholonline #brasileironoexterior #morarfora #imigracao #espanholnativo #comofalarem #expressoes
2026-04-24;Sexta;07:00;REEL;FUNDO;10;Prova Social;academico;Academico;Print de aluno: 'Passei no DELE! Obrigado Ale!';Comenta QUERO se voce quer o mesmo resultado | Comenta AULA;AULA;#espanholonline #espanholcomvoce #espanholreal #espanholparaenem #espanholparaconcurso #dele #resultado #depoimento #alunoreal
2026-04-24;Sexta;09:30;CARROSSEL;TOPO;5;Cultura e Diferencas;profissional;Profissional;Diferenca entre networking brasileiro e hispanico;Comenta seu pais favorito | Comenta VIAGEM;VIAGEM;#espanhol #espanholcomvoce #espanholreal #espanholprofissional #espanholparatrabalho #negociosinternacionais #diferencas #culturaespanhola #curiosidades
2026-04-24;Sexta;12:00;REEL;MEIO;9;Quebra de Crencas;viajante;Viajante;Voce nao precisa de vocabulario — precisa de pratica;Comenta se voce acreditava nisso | Comenta METODO;METODO;#espanholreal #aprendaespanhol #espanholparabrasileiros #espanholbasico #viajarsozinho #mochilao #mentiradoespanhol #verdade #quebradecrencas
2026-04-24;Sexta;15:00;CARROSSEL;MEIO;7;Dor e Identificacao;vai_morar_fora;Vai Morar Fora;Voce entende mas nao consegue se expressar como realmente e?;Comenta SIM se voce se identifica | Comenta TRAVA;TRAVA;#espanholcomvoce #espanholreal #espanhol #morarfora #brasileirosnaespanha #vidanoexterior #voceseidentifica #travanoespanhol #identificacao
2026-04-24;Sexta;18:30;REEL;MEIO;12;Historia e Autoridade Pessoal;academico;Academico;Por que o metodo tradicional nao funciona (eu vi acontecer) (vol. 2);Salva / Me conta sua historia | Comenta METODO;METODO;#espanholparabrasileiros #espanholreal #espanholcomvoce #celu #espanholparaenem #siele #professoranativa #historiadaale #bastidores
2026-04-24;Sexta;20:00;CARROSSEL;FUNDO;10;Prova Social;profissional;Profissional;Aluno foi promovido depois de destravar o espanhol (vol. 2);Comenta QUERO se voce quer o mesmo resultado | Comenta AULA;AULA;#espanholonline #espanholparabrasileiros #aprendaespanhol #espanholparanegocio #carreirainternacional #espanholcorporativo #resultado #alunoreal #depoimento
2026-04-25;Sabado;07:00;REEL;FUNDO;11;CTA Indireto;viajante;Viajante;Quer sair do portunhol? Comeca por aqui (vol. 2);Comenta AULA | Comenta AULA;AULA;#espanholreal #espanhol #espanholparabrasileiros #viagemparaaamericadosul #espanholbasico #espanholparaviagem #aulademonstrativa #linknabioo #comece
2026-04-25;Sabado;09:30;CARROSSEL;TOPO;2;Palavras do Cotidiano;vai_morar_fora;Vai Morar Fora;Como falar 'boleto' em espanhol;Comenta qual palavra voce queria saber | Comenta VIAGEM;VIAGEM;#espanholparabrasileiros #aprenderespanhol #espanholcomvoce #brasileironoexterior #imigracao #morarfora #palavradodia #vocabulario #espanholdodia
2026-04-25;Sabado;12:00;REEL;MEIO;12;Historia e Autoridade Pessoal;academico;Academico;15 anos ensinando brasileiros — o que eu descobri (vol. 2);Salva / Me conta sua historia | Comenta METODO;METODO;#espanholparabrasileiros #aprenderespanhol #aprendaespanhol #espanholparaconcurso #espanholparaenem #celu #historiadaale #professoranativa #bastidores
2026-04-25;Sabado;15:00;CARROSSEL;TOPO;5;Cultura e Diferencas;profissional;Profissional;Horario comercial Brasil vs paises hispanicos;Comenta seu pais favorito | Comenta VIAGEM;VIAGEM;#espanholparabrasileiros #espanholcomvoce #espanhol #espanholprofissional #espanholparatrabalho #espanholparanegocio #culturaespanhola #diferencas #curiosidades
2026-04-25;Sabado;18:30;REEL;TOPO;5;Cultura e Diferencas;viajante;Viajante;Como cada pais hispanico diz 'legal/massa/bacana';Comenta seu pais favorito | Comenta VIAGEM;VIAGEM;#espanholonline #espanholparabrasileiros #espanholcomvoce #mochilao #espanholbasico #espanholparaviagem #curiosidades #culturaespanhola #diferencas
2026-04-25;Sabado;20:00;CARROSSEL;MEIO;4;Perguntas de Seguidores;vai_morar_fora;Vai Morar Fora;Seguidor pergunta: como pedir orcamento em espanhol? (vol. 2);Manda sua duvida nos comentarios | Comenta ERROS;ERROS;#espanholcomvoce #espanholparabrasileiros #espanhol #brasileirosnaespanha #imigracao #brasileironoexterior #aleresponde #perguntadeseguidor #duvida
2026-04-26;Domingo;07:00;REEL;TOPO;1;Expressoes Idiomaticas;academico;Academico;Como falar 'nao ter pe nem cabeca' em espanhol (vol. 2);Salva esse video / Manda pra quem precisa | Comenta ERROS;ERROS;#espanholcomvoce #aprendaespanhol #espanhol #proficienciaemespanhol #dele #estudarnoexterior #comofalarem #expressoes #espanholnativo
2026-04-26;Domingo;09:30;CARROSSEL;FUNDO;11;CTA Indireto;profissional;Profissional;Se o espanhol e o que falta pra sua promocao, eu te mostro o caminho (vol. 2);Comenta AULA | Comenta AULA;AULA;#espanholcomvoce #espanholonline #aprenderespanhol #espanholparatrabalho #espanholprofissional #negociosinternacionais #aulademonstrativa #comece #linknabioo
2026-04-26;Domingo;12:00;REEL;MEIO;7;Dor e Identificacao;viajante;Viajante;Voce depende do Google Tradutor pra tudo na viagem?;Comenta SIM se voce se identifica | Comenta TRAVA;TRAVA;#espanhol #espanholcomvoce #aprenderespanhol #viajarsozinho #espanholnoexterior #mochilao #identificacao #voceseidentifica #travanoespanhol
2026-04-26;Domingo;15:00;CARROSSEL;FUNDO;10;Prova Social;vai_morar_fora;Vai Morar Fora;De zero a conversacao: a jornada de um aluno em Barcelona;Comenta QUERO se voce quer o mesmo resultado | Comenta AULA;AULA;#espanholreal #espanholcomvoce #espanholparabrasileiros #brasileironoexterior #brasileirosnaespanha #brasileirosnaargentina #alunoreal #resultado #depoimento
2026-04-26;Domingo;18:30;REEL;TOPO;1;Expressoes Idiomaticas;academico;Academico;Como falar 'ralar muito' em espanhol (vol. 2);Salva esse video / Manda pra quem precisa | Comenta ERROS;ERROS;#aprenderespanhol #espanholonline #espanhol #espanholparaconcurso #celu #siele #espanholnativo #comofalarem #expressoes
2026-04-26;Domingo;20:00;CARROSSEL;MEIO;4;Perguntas de Seguidores;profissional;Profissional;Seguidor pergunta: como pedir aumento em espanhol?;Manda sua duvida nos comentarios | Comenta ERROS;ERROS;#espanholonline #aprendaespanhol #espanholparabrasileiros #carreirainternacional #espanholparanegocio #negociosinternacionais #aleresponde #perguntadeseguidor #duvida
2026-04-27;Segunda;07:00;REEL;TOPO;1;Expressoes Idiomaticas;viajante;Viajante;Como falar 'dar mole' em espanhol;Salva esse video / Manda pra quem precisa | Comenta VIAGEM;VIAGEM;#espanhol #espanholcomvoce #espanholonline #viajarsozinho #espanholnoexterior #mochilao #expressoes #espanholnativo #comofalarem
2026-04-27;Segunda;09:30;CARROSSEL;TOPO;5;Cultura e Diferencas;vai_morar_fora;Vai Morar Fora;Como e o inverno de verdade em Madrid (vol. 2);Comenta seu pais favorito | Comenta VIAGEM;VIAGEM;#espanholonline #espanholcomvoce #espanholreal #brasileironoexterior #vidanoexterior #morarfora #culturaespanhola #diferencas #curiosidades
2026-04-27;Segunda;12:00;REEL;MEIO;12;Historia e Autoridade Pessoal;academico;Academico;15 anos ensinando brasileiros — o que eu descobri (vol. 2);Salva / Me conta sua historia | Comenta METODO;METODO;#aprenderespanhol #espanhol #aprendaespanhol #proficienciaemespanhol #estudarnoexterior #espanholparaconcurso #bastidores #professoranativa #historiadaale
2026-04-27;Segunda;15:00;CARROSSEL;MEIO;9;Quebra de Crencas;profissional;Profissional;O problema nao e seu ingles ruim — e seu espanhol inexistente;Comenta se voce acreditava nisso | Comenta METODO;METODO;#espanholreal #espanholcomvoce #espanholparabrasileiros #espanholparatrabalho #negociosinternacionais #espanholprofissional #quebradecrencas #mentiradoespanhol #verdade
2026-04-27;Segunda;18:30;REEL;TOPO;1;Expressoes Idiomaticas;viajante;Viajante;Como falar 'dar mole' em espanhol (vol. 2);Salva esse video / Manda pra quem precisa | Comenta VIAGEM;VIAGEM;#espanholonline #aprenderespanhol #espanholreal #viajarsozinho #viagemparaaamericadosul #espanholnoexterior #comofalarem #expressoes #espanholnativo
2026-04-27;Segunda;20:00;CARROSSEL;FUNDO;6;Metodo e Bastidor;vai_morar_fora;Vai Morar Fora;Como o acompanhamento inteligente acelera sua fluencia (vol. 2);Comenta METODO para saber mais | Comenta METODO;METODO;#espanholcomvoce #aprenderespanhol #espanholreal #morarfora #imigracao #brasileirosnaargentina #imersaonativa #comoaprender #metodo
2026-04-28;Terca;07:00;REEL;MEIO;4;Perguntas de Seguidores;academico;Academico;Seguidor pergunta: verbos irregulares — tem macete?;Manda sua duvida nos comentarios | Comenta PRONUNCIA;PRONUNCIA;#aprenderespanhol #espanholreal #espanholonline #celu #espanholparaenem #siele #aleresponde #perguntadeseguidor #duvida
2026-04-28;Terca;09:30;CARROSSEL;TOPO;2;Palavras do Cotidiano;profissional;Profissional;Como falar 'salario' em espanhol (vol. 2);Comenta qual palavra voce queria saber | Comenta ERROS;ERROS;#espanholcomvoce #espanholonline #aprendaespanhol #espanholparatrabalho #espanholcorporativo #espanholprofissional #palavradodia #vocabulario #espanholdodia
2026-04-28;Terca;12:00;REEL;TOPO;2;Palavras do Cotidiano;viajante;Viajante;Como falar 'perrengue' em espanhol;Comenta qual palavra voce queria saber | Comenta VIAGEM;VIAGEM;#aprenderespanhol #espanholparabrasileiros #espanholreal #espanholbasico #viagemparaaamericadosul #espanholnoexterior #palavradodia #vocabulario #espanholdodia
2026-04-28;Terca;15:00;CARROSSEL;FUNDO;6;Metodo e Bastidor;vai_morar_fora;Vai Morar Fora;Como o acompanhamento inteligente acelera sua fluencia (vol. 2);Comenta METODO para saber mais | Comenta METODO;METODO;#espanholparabrasileiros #espanholreal #espanholcomvoce #brasileirosnaargentina #imigracao #brasileironoexterior #comoaprender #imersaonativa #metodo
2026-04-28;Terca;18:30;REEL;MEIO;7;Dor e Identificacao;academico;Academico;Voce pode perder a bolsa por causa do espanhol?;Comenta SIM se voce se identifica | Comenta TRAVA;TRAVA;#espanholparabrasileiros #espanhol #espanholcomvoce #siele #espanholparaenem #dele #travanoespanhol #identificacao #voceseidentifica
2026-04-28;Terca;20:00;CARROSSEL;MEIO;8;Desejo e Transformacao;profissional;Profissional;Imagina ser promovido gracas ao espanhol no curriculo...;Comenta QUERO se esse e seu sonho | Comenta AULA;AULA;#espanholonline #espanholparabrasileiros #espanholreal #espanholprofissional #espanholparanegocio #espanholparatrabalho #destrave #faleespanhol #transformacao
2026-04-29;Quarta;07:00;REEL;MEIO;8;Desejo e Transformacao;viajante;Viajante;Como seria viajar sem depender de tradutor?;Comenta QUERO se esse e seu sonho | Comenta AULA;AULA;#espanholreal #aprenderespanhol #espanholcomvoce #viajarsozinho #espanholbasico #espanholnoexterior #transformacao #destrave #faleespanhol
2026-04-29;Quarta;09:30;CARROSSEL;FUNDO;6;Metodo e Bastidor;vai_morar_fora;Vai Morar Fora;O pilar que faz voce pensar em espanhol em vez de traduzir (vol. 2);Comenta METODO para saber mais | Comenta METODO;METODO;#aprendaespanhol #espanholreal #espanhol #imigracao #brasileirosnaargentina #morarfora #metodo #imersaonativa #comoaprender
2026-04-29;Quarta;12:00;REEL;TOPO;5;Cultura e Diferencas;academico;Academico;A origem do espanhol: do latim ate hoje;Comenta seu pais favorito | Comenta VIAGEM;VIAGEM;#aprenderespanhol #aprendaespanhol #espanholcomvoce #proficienciaemespanhol #siele #dele #diferencas #culturaespanhola #curiosidades
2026-04-29;Quarta;15:00;CARROSSEL;FUNDO;6;Metodo e Bastidor;profissional;Profissional;Por que metodo generico nao resolve espanhol corporativo (vol. 2);Comenta METODO para saber mais | Comenta METODO;METODO;#espanholcomvoce #espanholonline #aprendaespanhol #espanholparanegocio #espanholprofissional #carreirainternacional #imersaonativa #metodo #comoaprender
2026-04-29;Quarta;18:30;REEL;TOPO;5;Cultura e Diferencas;viajante;Viajante;Festas que voce precisa viver: Espanha vs America Latina (vol. 2);Comenta seu pais favorito | Comenta VIAGEM;VIAGEM;#aprendaespanhol #espanhol #espanholonline #mochilao #espanholparaviagem #espanholnoexterior #culturaespanhola #curiosidades #diferencas
2026-04-29;Quarta;20:00;CARROSSEL;TOPO;2;Palavras do Cotidiano;vai_morar_fora;Vai Morar Fora;Como falar 'mudanca' em espanhol;Comenta qual palavra voce queria saber | Comenta VIAGEM;VIAGEM;#espanholreal #espanhol #aprenderespanhol #vidanoexterior #brasileirosnaespanha #morarfora #espanholdodia #palavradodia #vocabulario
2026-04-30;Quinta;07:00;REEL;TOPO;5;Cultura e Diferencas;academico;Academico;Por que o espanhol e a 2a lingua mais falada do mundo;Comenta seu pais favorito | Comenta VIAGEM;VIAGEM;#espanholreal #espanhol #espanholonline #dele #espanholparaconcurso #siele #diferencas #culturaespanhola #curiosidades
2026-04-30;Quinta;09:30;CARROSSEL;FUNDO;10;Prova Social;profissional;Profissional;Gerente fechou contrato gracas ao espanhol fluente (vol. 2);Comenta QUERO se voce quer o mesmo resultado | Comenta AULA;AULA;#espanhol #espanholonline #espanholparabrasileiros #espanholprofissional #espanholparanegocio #negociosinternacionais #alunoreal #resultado #depoimento
2026-04-30;Quinta;12:00;REEL;MEIO;7;Dor e Identificacao;viajante;Viajante;Voce entende o filme mas nao consegue pedir comida?;Comenta SIM se voce se identifica | Comenta TRAVA;TRAVA;#aprenderespanhol #espanholreal #aprendaespanhol #mochilao #espanholparaviagem #espanholnoexterior #travanoespanhol #identificacao #voceseidentifica
2026-04-30;Quinta;15:00;CARROSSEL;MEIO;12;Historia e Autoridade Pessoal;vai_morar_fora;Vai Morar Fora;Eu fui a imigrante que nao falava o idioma — sei como e (vol. 2);Salva / Me conta sua historia | Comenta METODO;METODO;#espanhol #aprendaespanhol #espanholreal #vidanoexterior #brasileironoexterior #morarfora #professoranativa #historiadaale #bastidores
2026-04-30;Quinta;18:30;REEL;FUNDO;6;Metodo e Bastidor;academico;Academico;A ciencia por tras da repeticao espacada no aprendizado;Comenta METODO para saber mais | Comenta METODO;METODO;#espanholcomvoce #aprenderespanhol #espanholparabrasileiros #estudarnoexterior #celu #espanholparaconcurso #imersaonativa #metodo #comoaprender
2026-04-30;Quinta;20:00;CARROSSEL;MEIO;8;Desejo e Transformacao;profissional;Profissional;Como seria liderar equipes em espanhol?;Comenta QUERO se esse e seu sonho | Comenta AULA;AULA;#aprendaespanhol #espanhol #espanholparabrasileiros #espanholparanegocio #espanholparatrabalho #carreirainternacional #transformacao #destrave #faleespanhol
